TIPO_NOM,CLV_DIP,NOM_DIP,PERC_DED,GRAV_NG,GRAV_LOC,GRAV_EST,TOPE_NG,INCIDENCIA,CLV_SALDO,SEC_CALC,TOPE_CLV,TOPE_CANT,TOPE_TIPO,VAL_PAR1_TIPO,VAL_PAR1_DESDE,VAL_PAR1_HASTA,VAL_PAR1_DEC,VAL_PAR1_DEF,VAL_PAR2_TIPO,VAL_PAR2_DESDE,VAL_PAR2_HASTA,VAL_PAR2_DEC,VAL_PAR2_DEF,VAL_PAR3_TIPO,VAL_PAR3_DESDE,VAL_PAR3_HASTA,REDONDEO_IMP,REDONDEO_DATO,FORMULA,FORMULA_PRES,FORMULA_FINI,FORMULA_AVANZADA,IMPRIMIR,APLICA_PENSION,BANDERA_FORMULA,BANDERA_NIVEL,DESC_RECIBOS,DIP_SALDOS,SUMA_RESTA_SALDOS,TRANSACCIONES
@,@ILI,IMPUESTO LISR ART 79 FINIQUITO Y LIQ.,D,NI,0,0,0,1,0,931,N,,,O,0,0,0,0,O,0,0,0,0,O,,,0,0,,,,0,0,0,0,,,,,
@,RTRD,MIN. DE RETARDO EN EL PERIODO,X,NI,1,0,0,1,0,610,N,,,O,0,0,1,0,O,0,0,1,0,O,,,0,0,Importe = PARM1ûDato = PARM2,,,0,1,0,1,,,,,
@,FAHE,FONDO DE AHORRO EMPLEADO,D,NI,0,0,0,1,0,101,N,,,O,0,0,1,0,O,0,0,1,0,O,,,0,0,"ûIF TIPO_NOM=""FQ"" AND PARM1>0 AND PARM2=1 THENûIMPORTE=PARM1ûRETURNûENDûIF TIPO_NOM=""FQ"" THEN RETURNûûImporte = DIPM(""FAHC"",""IM"")ûDato = DIPM(""FAHC"",""DA"")",,,1,1,0,1,,,,,
@,PRSO,PREVISION SOCIAL,P,GN,0,0,0,0,0,408,N,,,O,0,0,0,0,O,0,0,0,0,O,,,0,0,"DECLARE FUNCTION DIPA, TRAEDIPûûTOT.PS=0; SAL.DIA.ANUAL8=0; SAL.DIA.ANUAL7=0; EXENT=0; GRAV=0; SAL.DIA.MES=0ûûZONA.ECO=REG_EMP<AN_EMP.ZONA_EC%>ûCALL IO_READ(R.ZONA,""AN_TAB_ZONEC"","""",ZONA.ECO,"""",1,STATUS)ûLOCATE ""20040101"" IN R.ZONA<2> USING @VM SETTING POS THENû SAL.DIA.ANUAL8=R.ZONA<3,POS> / 100 *30.4 * 12 *8û SAL.DIA.ANUAL7=R.ZONA<3,POS> / 100 *30.4* 12 * 7û SAL.DIA.MES=R.ZONA<3,POS> / 100 *30.4 * 12ûENDûû*""PS01..PS03"" es la clave de Prevision Social en el Catalogo MaestroûFOR I = 1 TO 3û  LLAVE = ""PS0"":Iû  CALL IO_READ(R.CM,""AN_CATALOGOS"","""",LLAVE,"""",1,STATUS)û  A.DIPS=R.CM<2>û  FOR J=1 TO COUNT(A.DIPS<1>,@VM)+1û DIP.PS=A.DIPS<1,J>û IF DIP.PS NE """" THENû  R.DIP=TRAEDIP(DIP.PS,""@"")û  TIPO.DIP=R.DIP<3>û  IF TIPO.DIP=""NI"" THENû   IMP.PS=0û   SR.PS=R.CM<4,J>û   IMP.PS= DIPA(DIP.PS, ""IM"",EJ_FISCAL%, EJ_FISCAL%)û   IF SR.PS= ""-""  THEN û    TOT.PS = TOT.PS - IMP.PSû   END ELSEû    TOT.PS = TOT.PS + IMP.PSû   ENDû  ENDû END û  NEXT JûNEXT I ûTPG=DIPA(""@TPG"", ""IM"",EJ_FISCAL%, EJ_FISCAL%) + DIPA(""@PGE"", ""IM"",EJ_FISCAL%, EJ_FISCAL%)ûTOTAL=TOT.PS + TPGûûIF TOTAL < SAL.DIA.ANUAL7 THENû IMP_EXE=TOT.PSû IMP_GRAV=0ûûEND ELSEû IF TOTAL > SAL.DIA.ANUAL8 THEN û  IMP_EXE=SAL.DIA.MESû  IMP_GRAV=TOT.PS - SAL.DIA.MESû  û END ELSEû  DIF=SAL.DIA.ANUAL7 - TPGû  IF DIF <= SAL.DIA.MES THENû   IMP_EXE=SAL.DIA.MESû   IMP_GRAV=TOTAL - SAL.DIA.ANUAL7û   û  END ELSEû   IMP_GRAV=TOTAL - SAL.DIA.ANUAL7û   IMP_EXE=TOT.PS - IMP_GRAVû   û  ENDû ENDûENDûIF IMP_EXE < 0 THEN IMP_EXE=0 ûIF IMP_GRAV < 0 THEN IMP_GRAV=0 ûIMPORTE = IMP_EXE + IMP_GRAVû",,,1,1,0,1,,,,,
@,@CSC,CREDITO AL SALARIO,X,NI,0,0,0,1,0,970,N,,,O,0,0,0,0,O,0,0,0,0,O,,,0,0,,Importe =  @SDI * @DA1,,0,0,0,0,,,,,
@,@PVA,PRIMA VACACIONAL ANIV,P,EN,1,1,15,1,0,35,N,,,O,0,0,1,0,O,0,0,1,0,O,,,0,0,"$INSERT AN_TAB_VACû$INSERT AN_DIPSû$INSERT AN_TIPOSûCOMMON /CALCULO_VARIO/ REG.VAC, REG.GRA, ANTIG_EMPûûIF TIPO_NOM = ""FQ"" THEN RETURNûû**************ûPROCESO:û**************û GOSUB GET_SALARIOû û IF PARM1+0 <> 0 AND PARM2+0 <> 0 THENû  DIAS_PVA= PARM1û  PORC_PVA= PARM2û END ELSEû  GOSUB GET_DATOS_PVAû  û  IF PARM1+0 <> 0 THEN DIAS_PVA= PARM1û  IF PARM2+0 <> 0 THEN PORC_PVA= PARM2û ENDû û IMPORTE= (DIAS_PVA * PORC_PVA / 100) * SALARIOû DATO= DIAS_PVAû û GOSUB EXENCIONûRETURNûû************ûGET_SALARIO:û************û SALARIO= DIPC(""@GRA"",""P2"")+0û IF SALARIO = 0 THEN SALARIO= SDI@ûRETURNûû**************ûGET_DATOS_PVA:û**************û DIAS_PVA= 0û PORC_PVA= 0û û IF PARM31 NE """" THENû  F_INGRESO_INT= FECHA(PARM31,1,""AAAAMMDD"")û  F_INGRESO_EXT= FECHA(F_INGRESO_INT,2,""AAAAMMDD"")û END ELSEû  F_INGRESO_EXT=REG_EMP<AN_EMP.F_INGRESO%>û  IF F_INGRESO_EXT EQ """" THEN F_INGRESO_EXT=REG_EMP<AN_EMP.F_ALTA%>û  F_INGRESO_INT= FECHA(F_INGRESO_EXT,1,""AAAAMMDD"")û ENDû û /*û F_BAJA_INT= PARM32û IF F_BAJA_INT <> """" THENû  F_ANIV_EXT= EJ_FISCAL%:F_INGRESO_EXT[5,2]:F_INGRESO_EXT[7,2]û  F_ANIV_INT= FECHA(F_ANIV_EXT,1,""AAAAMMDD"")û  û  IF F_BAJA_INT < F_ANIV_INT THEN RETURNû ENDû */û û IF PARM32 <> """" THENû  *finiquitoû  FHASTA_INT= FECHA(PARM32,1,""AAAAMMDD"")û END ELSEû  *nomina normal (aniversario)û  FHASTA_INT= FTERPERû ENDû û ANOS = ANTIGUEDAD(F_INGRESO_INT,FHASTA_INT)û IF PARM4 = ""Finiquito"" THEN ANOS+= 1û û LOCATE ANOS IN REG.VAC<AN_TAB_VAC.ANOS%> BY ""AR"" USING @VM SETTING PP ELSE PP-=1û IF PP LE 0 THEN PP= 1û DIAS_PVA= REG.VAC<AN_TAB_VAC.DIAS_SOBRE%,PP>û PORC_PVA= REG.VAC<AN_TAB_VAC.PRIMA%,PP>ûRETURNûû*********ûEXENCION:û*********û IF IMPORTE EQ 0 OR IMPORTE EQ """" THEN RETURNû û TOPE.NG= REG_DIP<AN_DIPS.TOPE_NG%> * SAL_MINû û EXENTO.PRIMA= DIPA(""@PVA"",""EF"",EJ_FISCAL%,EJ_FISCAL%)û EXENTO.PRIMA+= DIPA(""PVPV"",""EF"",EJ_FISCAL%,EJ_FISCAL%)û EXENTO.PRIMA+= DIPA(""PVAF"",""EF"",EJ_FISCAL%,EJ_FISCAL%)û û IF EXENTO.PRIMA GE TOPE.NG THENû  IMP_GRAV= IMPORTEû END ELSEû  IF ( EXENTO.PRIMA + IMPORTE ) > TOPE.NG THENû   IMP_EXE  = TOPE.NG - EXENTO.PRIMAû   IMP_GRAV = IMPORTE - IMP_EXEû  END ELSE û   IMP_EXE  = IMPORTEû   IMP_GRAV = 0û  ENDû ENDûRETURN",Importe =  @SDI / 8 * @DA1 * 2,,1,1,0,1,,,,,
@,PGRA,PROVISION GRATIFICACION 3 MESES,E,NI,0,0,0,0,0,305,N,,,O,0,0,0,0,O,0,0,0,0,O,,,0,0,"* Por calculo actuarial se calcula el porcentaje mensual a provisionar, en este ejemplo es el 1 %   û  SALARIO = SDI@ * .01û    IMPORTE       = SALARIO * DIAS_PERû    DATO             = .01 û",,,1,1,0,1,,,,,
@,PPTU,PROVISION PTU,E,NI,0,0,0,0,0,260,N,,,O,0,0,0,0,O,0,0,0,0,O,,,0,0,"* Se estiman los dias de salario a pagar , es esta formula por ejemplo son 45ûDIAS.DER = 45û    SALARIO = SDI@û    IMPORTE       = SALARIO * DIAS.DER / 365 * DIAS_PERû    DATO             = DIAS_PER û",,,1,0,0,1,,,,,
@,@SEP,EXCESO DE SUBSIDIO AL EMPLEO,P,GN,0,0,0,1,0,971,N,,,O,0,0,1,0,O,0,0,1,0,O,,,0,0,,,,0,1,0,0,,,,,
@,@ISP,I.S.R. A RETENER,D,NI,0,0,0,0,0,680,N,,,O,0,0,1,0,O,0,0,1,0,O,,,0,0,,,,0,1,0,0,,,,,
@,AYVC,AYUDA VIDA CARA,P,GN,1,1,0,0,1,25,N,,,O,0,0,1,0,R,0,0,1,0,O,,,0,0,"IF PARM1 > 0 THENûIMPORTE = PARM1ûEND ELSEûMONTOS=""""ûMONTOS<1,-1>=""01"" ;  MONTOS<2,-1>=""10.00""ûMONTOS<1,-1>=""02"" ;  MONTOS<2,-1>=""12.00""ûMONTOS<1,-1>=""03"" ;  MONTOS<2,-1>=""15.00""ûFDPAGO=REG_EMP<AN_EMP.F_DIST_PAGO%>ûLOCATE FDPAGO IN MONTOS<1> USING @VM SETTING POS THENû   IMPORTE = MONTOS<2,POS>ûEND ELSEû   Importe = 0ûENDûEND",,,1,1,0,1,,,,,
@,@DFP,SAR APORTACION VOLUNTARIA,D,NI,0,0,0,1,0,750,N,,,R,0,0,1,0,O,0,0,1,0,O,,,0,0,Importe = PARM1ûDato = PARM2,Importe =  @SFP * @DA1,,0,1,0,1,,,,,
@,@CFI,CUOTA PATRONAL FIJA DE ENF Y MAT ,X,NI,0,0,0,0,0,650,N,,,O,0,0,0,0,O,0,0,0,0,O,,,0,0,"IF PARM2 NE """" AND PARM2 NE 0 THEN IMPORTE= PARM2; DATO= PARM1; RETURNûûFINIPER_EXT =  FECHA(FINIPER,2,""AAAAMMDD"")    ûCALL TABLAS_IMSS(CLV_DIP, ZONA_ECO, FINIPER_EXT, PORCENTAJE, IMP_TOPE, IMP_TOPE_EXE, FALTAS,INCAPACIDADES, STATUS)ûDIAS= DIAS_PER+DIPM(""DADI"",""DA"")ûDIAS.IMSS= DIPC(""@IMS"",""TP1"")ûûIF DIAS.IMSS > 0 THEN DIAS= DIAS.IMSSûûLOCATE ""####"" IN INCAPACIDADES USING @VM SETTING POS.RESTA ELSE POS.RESTA-=1ûFOR II= 1 TO POS.RESTAû RESTA= DIPC(INCAPACIDADES<1,II>,""TP1"")û DIAS= DIAS - RESTAûNEXT IIûûNUM_FALTAS= 0ûFALTAS_MES= 0ûLOCATE ""####"" IN FALTAS USING @VM SETTING POS.RESTA ELSE POS.RESTA-=1ûFOR II= 1 TO POS.RESTAû NUM_FALTAS+= DIPC(FALTAS<1,II>,""TP1"")û FALTAS_MES+= DIPA(FALTAS<1,II>,""DA"",EJ_FISCAL%:MES_BASE,EJ_FISCAL%:MES_BASE)ûNEXT IIûûIF FALTAS_MES >= 7 THENû NUM_FALTAS= 0ûEND ELSEû IF FALTAS_MES + NUM_FALTAS > 7 THENû  NUM_FALTAS= 7 - FALTAS_MESû ENDûENDûDIAS-= NUM_FALTASûIF DIAS<0 THEN DIAS=0ûIMPORTE= IMP_TOPE * PORCENTAJE * DIASûDATO= DIAS",,,1,0,0,1,,,,,
@,IVAL,INTEGRACION DE VALE DESPENSA,X,NI,0,0,0,1,0,101,N,,,O,0,0,1,0,O,0,0,1,0,O,,,0,0,"RETURNû*****************ûVALOR_GRAL= 1300û*****************ûVALOR_DIRS= 2262û*****************ûûDECLARE FUNCTION GET_PROPERTYûû*IF @USERNAME = ""MANAGER_NOM"" THEN DEBUGûûCATEGORIA= REG_EMP<AN_EMP.CATEGORIA%>ûIF CATEGORIA = """" THEN CATEGORIA= GET_PROPERTY(@WINDOW:"".CATEGORIA"",""TEXT"")ûûIF CATEGORIA+0 <= 3.1 THENû *categorias Director o Superiorû VALOR= VALOR_DIRS/30ûEND ELSEû *categorias inferiores a Directorû VALOR= VALOR_GRAL/30ûENDûûIF FTERPER = """" THEN FTERPER= DATE()ûFTERPER_EXT= FECHA(FTERPER,2,""AAAAMMDD"")ûTOPE_VALES= SALARIOMINIMO(""UM"",FTERPER_EXT) * 0.4ûûIF VALOR > TOPE_VALES THEN IMPORTE= VALOR - TOPE_VALES",,,1,1,0,1,,,,,
@,HRTR,TIEMPO EXTRA TRIPLE,P,GN,1,1,0,1,0,30,N,,,R,0,0,1,0,O,0,0,1,0,O,,,0,0,"IF PARM2+0 <> 0 THEN IMPORTE= PARM2; DATO= PARM1; RETURNûû$INSERT AN_TIPOSûûHRS_TRI= 0ûHRS_EXT= DIPC(""4306"",""TP1"")ûIF HRS_EXT > 0 THENû PERIODICIDAD= REG_TIPO<AN_TIPOS.PERIODICIDAD%>û û BEGIN CASEû  CASE PERIODICIDAD = ""S""; TOPE= 9û  CASE PERIODICIDAD = ""Q""; TOPE= 18û  CASE PERIODICIDAD = ""M""; TOPE= 36û  CASE 1; TOPE= 18û END CASEû û IF HRS_EXT > TOPE THEN HRS_TRI= HRS_EXT - TOPE ELSE HRS_TRI= 0ûENDûHRS_TRI+= PARM1ûûIMPORTE= HRS_TRI * SDI@/8 * 3ûDATO= HRS_TRI",,,1,1,0,1,,,,,
@,@ISR,IMPUESTO CAUSADO,X,NI,0,0,0,1,0,645,N,,,O,0,0,1,0,O,0,0,1,0,O,,,0,0,,,,0,1,0,0,,,,,
@,SOBR,SOBREGIRO,P,GN,1,0,0,0,0,900,N,,,O,0,0,1,0,O,0,0,1,0,O,,,0,0,Importe = PARM1,,,0,1,0,1,,,,,
@,@PGE,TOTAL PERC GRAVABLE EXTRAORDINARIA,X,NI,0,0,0,0,0,991,N,,,O,0,0,0,0,O,0,0,0,0,O,,,0,0,,Importe =  @SDI / 8 * @DA1 * 2,,0,0,0,0,,,,,
@,@BOV,VIATICOS GRAVABLES,P,GN,0,,0,1,0,700,N,,,O,0,0,1,0,O,0,0,0,0,O,,,0,0,Importe = PARM1,,,0,1,0,1,,,,,
@,@INF,APORTACION AL INFONAVIT,E,NI,0,0,0,0,0,658,N,,,O,0,0,0,0,O,0,0,0,0,O,,,0,0,"* Version con salario integrado actual fijo y faltas de las incidenciasûANO.PER = EJ_FISCAL%ûSDI = REG_EMP<AN_EMP.SAL_DIA_INFO%> / 100ûZONA.ECO = ""IN""  ;  FTERPER_EXT =FECHA(FTERPER,2,""AAAAMMDD"")û CALL TABLAS_IMSS(""@INF"", ZONA.ECO, FTERPER_EXT, PORCENTAJE, IMP_TOPE, IMP_TOPE_EXE, FALTAS,INCAPACIDADES, STATUS)û     GOSUB P.410.DIAS.TRAû     IF SDI > IMP_TOPE THEN  SDI = IMP_TOPEû     IMPORTE = SDI * PORCENTAJE * DIASû     DATO       = DIASû RETURNû********************ûP.410.DIAS.TRA:û********************û    DIAS          = DIAS_PERû    DIAS.IMSS = DIPC(""@IMS"",""P1"")û    IF DIAS.IMSS > 0 THEN DIAS = DIAS.IMSSû    IF PARM1 > 0 THENû       DIAS = PARM1û    ENDû    LOCATE  ""####""  IN FALTAS USING @VM SETTING POS.RESTA ELSE POS.RESTA-=1  û    FALTAS.MES = 0û    FOR II = 1 TO POS.RESTAû        DIPFALTA = FALTAS<1,II>û        ** JFHO 3MAR2025û        FALTAS.MES = FALTAS.MES + DIPA(DIPFALTA,""DA"",ANO.PER:MES_BASE,ANO.PER:MES_BASE)û    NEXT IIû    RESTA = DIPC(DIPFALTA,""TP1"")û    ** JFHO 3MAR2025û    IF FALTAS.MES > 7 THENû         RESTA = 0û    END ELSEû        IF (FALTAS.MES + RESTA ) > 7 THENû            RESTA1 = (FALTAS.MES + RESTA ) - 7 û            RESTA = RESTA1û        ENDû     ENDû     **û     DIAS  = DIAS - RESTAû     IF DIAS  < 0 THEN DIAS =0û RETURNû",Importe =  @SDI / 8 * @DA1 * 2,,1,0,0,1,,,,,
@,BOND,BONO DESPLAZAMIENTO,P,GE,1,,0,1,0,107,N,,,O,0,0,1,0,O,0,0,0,0,O,,,0,0,Importe = PARM1,,,0,1,0,1,,,,,
@,PADE,PAGOS EN DEMASIA,D,NI,0,,0,1,0,622,N,,,R,0,0,1,0,O,0,0,0,0,O,,,0,0,Importe = PARM1,,,0,1,0,1,,,,,
@,DAYC,ANTICIPO DE AYUDA DE COLEGIATURAS,D,NI,0,,0,1,0,700,N,,,R,0,0,1,0,O,0,0,0,0,O,,,0,0,Importe = PARM1,,,1,1,0,1,,,,,
@,DGAS,VALE DE GASOLINA,D,NI,0,,0,1,0,700,N,,,O,0,0,1,0,O,0,0,0,0,O,,,0,0,"IMPORTE = DIPM(""VGAS"",""IM"")+DIPM(""VAGA"",""IM"")",,,1,1,0,1,,,,,
@,DETA,DEVOLUCION DESCUENTO TARJ EXTRAVIADA,P,NI,0,,0,1,0,202,N,,,O,0,0,1,0,O,0,0,0,0,O,,,0,0,Importe = PARM1,,,1,1,0,1,,,,,
@,BANU,BONO ANUAL,P,GE,1,,0,1,0,300,N,,,R,0,0,1,0,O,0,0,0,0,O,,,0,0,Importe = PARM1,,,1,1,0,1,,,,,
@,DAUT,DESCUENTO AUTO CORPORATIVO,D,NI,0,,0,0,0,838,N,,,R,0,0,1,0,R,0,0,1,0,R,,,0,0,Importe = PARM1ûDato = PARM2,,,1,1,0,1,,,,,
@,RETS,REPOSICIÓN TARJETA SIVA,D,NI,0,,0,1,0,848,N,,,R,0,0,1,0,O,0,0,1,0,O,,,0,0,Importe = PARM1ûDato = PARM2,,,1,1,0,1,,,,,
@,HEXT,HORAS EXTRAS,P,GN,1,1,0,1,0,40,N,,,R,0,9,1,0,O,0,0,0,0,O,,,0,0,"IMPORTE  = SDI@ / 4 * PARM1ûDATO        = PARM1ûTOPE.EXE = SMI@ * 5ûSEMANA    = PARM4ûIMP_GRAV = IMPORTE / 2 ûRESTA       = IMP_GRAV ûûIF SEMANA = """" THENû    RESTA = IMP_GRAV û    HRAS.YA = 0û    HRAS.YA = DIPM(""HEXT"",""IM"")ûEND ELSEû     HRAS.YA = 0û     LOCATE ""HEXT"" IN REG_MOVTO<AN_EMP_MOVTOS.CLV_DIP_P%> USING @VM SETTING POS THENû         LOCATE ""()=/& "" IN REG_MOVTO<AN_EMP_MOVTOS.CLV_DIP_P%> USING @VM SETTING POS1 ELSE POS1-=1û         FOR J = POS TO POS1û             IF REG_MOVTO<AN_EMP_MOVTOS.CLV_DIP_P%,J> =  ""HEXT"" THEN û              IF REG_MOVTO<AN_EMP_MOVTOS.REFER_P%,J> = SEMANA THENû                  HRAS.YA = HRAS.YA + REG_MOVTO<AN_EMP_MOVTOS.IMP_P%,J> / 100û              ENDû             END û         NEXT J           û      ENDûENDûIMPORTE.YA = HRAS.YA / 2 ûIF IMPORTE.YA  GE TOPE.EXE THENû     IMP_GRAV = IMP_GRAV + RESTAûEND ELSEû         IF ( IMPORTE.YA + RESTA )  GT TOPE.EXE THEN û             IMP_GRAV = IMP_GRAV + ( IMPORTE.YA + RESTA ) - TOPE.EXEû         END ûENDû",,,1,1,0,1,,,,,
@,PRGA,PROVISION DE AGUINALDO,E,NI,0,0,0,0,0,301,N,,,O,0,0,0,0,O,0,0,0,0,O,,,0,0,"IF PARM2 NE """" AND PARM2 NE 0 THEN IMPORTE= PARM2; DATO= PARM1; RETURNûNUMERO=NUM_EMPûCOMMON /CALCULO_VARIO/ REG.VAC, REG.GRA, ANTIG_EMP   û$INSERT AN_TAB_GRATûDECLARE FUNCTION FECHAûû*IF @USERNAME = ""MANAGER_NOM"" THEN DEBUGûDIAS.GRA=15ûSALARIO = SDI@ûANOS = INT(ANTIG_EMP + 0.99) û    IF ANOS = 0 THENû       DIAS.GRA= 0û       DIAS.GRA =  REG.GRA<AN_TAB_GRAT.DIAS%,1> û    END ELSEû      LOCATE ""##"" IN REG.GRA<AN_TAB_GRAT.LIM_INF%> USING @VM SETTING POS3 ELSE POS3=POS3-1û      FOR IND=1 TO POS3û        IF ANOS < REG.GRA<AN_TAB_GRAT.LIM_SUP%,IND> THEN û           DIAS.GRA=REG.GRA<AN_TAB_GRAT.DIAS%,IND> û           IND = POS3û        ENDû      NEXTû    ENDûû    FACTOR_DIARIO =DIAS.GRA/365*SALARIOû    IMPORTE = FACTOR_DIARIO * DIAS_PER û    DATO       = DIAS.GRA / 365 * DIAS_PER ûû*ajuste a la fechaûF_INI= EJ_FISCAL%:""0101""ûIF F_INI LT REG_EMP<AN_EMP.F_INGRESO%> THENû F_INI= REG_EMP<AN_EMP.F_INGRESO%>ûENDûû*si es finiquito calcula hasta f.bajaûF_FIN_INT= DIPC(""@GRA"",""PH"")ûIF F_FIN_INT = """" THEN F_FIN_INT= FTERPERûûF_INI_INT= FECHA(F_INI,1,""AAAAMMDD"")ûIMP_CALCULO= (F_FIN_INT - F_INI_INT + 1) * FACTOR_DIARIOûIMP_ACUM= DIPA(CLV_DIP, ""IM"", EJ_FISCAL%:F_INI[5,2], EJ_FISCAL%:MES_BASE) + IMPORTEûIMP_AJUSTE= IMP_CALCULO - IMP_ACUMûIMPORTE += IMP_AJUSTE",,,1,0,0,1,,,,,
@,INCE,INCAPACIDAD ENFERMEDAD GRAL,D,GN,1,0,0,1,0,620,N,,,R,0,0,1,0,O,0,0,1,0,O,,,0,0,"IF PARM2 NE """" AND PARM2 NE 0 THEN IMPORTE= PARM2; DATO= PARM1; RETURNûû$INSERT AN_TIPOSûû*obtiene ausentismoûDIAS_AUSE= 0ûFINIPER_EXT=  FECHA(FINIPER,2,""AAAAMMDD"")ûCALL TABLAS_IMSS(""@IMS"", ZONA_ECO, FINIPER_EXT, PORCENTAJE, IMP_TOPE, IMP_TOPE_EXE, FALTAS,INCAPACIDADES, STATUS)ûFOR CONT1= 1 TO COUNT(FALTAS, @VM) + 1û DIAS_AUSE+= DIPM(FALTAS<1,CONT1>, ""DA"")ûNEXT CONT1ûûFOR CONT1= 1 TO COUNT(INCAPACIDADES, @VM) + 1ûû DIAS_AUSE+= DIPM(INCAPACIDADES<1,CONT1>, ""DA"")ûNEXT CONT1ûûIF REG_TIPO<AN_TIPOS.PERIODICIDAD%> = ""S"" THENû DIAS_JOR= DIAS_PERû û DIAS_DISP= DIAS_JOR - DIAS_AUSEû IF DIAS_DISP <= 0 THEN DIAS_DISP= 0û IF PARM1 > DIAS_DISP THEN DIAS_DESC= DIAS_DISP ELSE DIAS_DESC= PARM1û û FACTOR= 7/6ûEND ELSEû DIAS_PAGA= DIPM(""PNOR"",""DA"") + DIPM(""@VAC"",""DA"")û DIAS_DISP= DIAS_PAGA - DIAS_AUSEû û IF DIAS_DISP <= 0 THEN DIAS_DISP= 0û IF PARM1 > DIAS_DISP THEN DIAS_DESC= DIAS_DISP ELSE DIAS_DESC= PARM1ûû FACTOR= 1ûENDûûIF PARM32[7,2]=31 THENûDIAS_DESC=DIAS_DESC-1ûENDûûIMPORTE= SDI@*DIAS_DESC*FACTORûDATO= DIAS_DESC",,,1,1,0,1,,,,,
@,NETO,NETO A PAGAR,X,NI,0,0,0,0,0,999,N,,,O,0,0,0,0,O,0,0,0,0,O,,,0,0,* Dip de neto a pagar NETOûPERCEPCIONES = SUM(REG_MOVTO<AN_EMP_MOVTOS.IMP_P%>)ûDEDUCCIONES   = SUM(REG_MOVTO<AN_EMP_MOVTOS.IMP_D%>)ûNETO                    = ( PERCEPCIONES - DEDUCCIONES) ûIMPORTE              = NETO / 100,,,1,1,0,1,,,,,
@,@IVP,CUOTA PAT INVALIDEZ Y VIDA,X,NI,0,0,0,0,0,654,N,,,O,0,0,0,0,O,0,0,0,0,O,,,0,0,"DECLARE FUNCTION GET_SALHIS, GET_KARDEXûûIF PARM2 NE """" AND PARM2 NE 0 THEN IMPORTE= PARM2; DATO= PARM1; RETURNûûFINIPER_EXT =  FECHA(FINIPER,2,""AAAAMMDD"")    ûCALL TABLAS_IMSS(CLV_DIP, ZONA_ECO, FINIPER_EXT, PORCENTAJE, IMP_TOPE, IMP_TOPE_EXE, FALTAS,INCAPACIDADES, STATUS)ûDIAS= DIAS_PER+DIPM(""DADI"",""DA"")ûûNUM_FALTAS= 0ûFALTAS_MES= 0ûLOCATE ""####"" IN FALTAS USING @VM SETTING POS.RESTA ELSE POS.RESTA-=1ûFOR II= 1 TO POS.RESTAû NUM_FALTAS+= DIPC(FALTAS<1,II>,""TP1"")û FALTAS_MES+= DIPA(FALTAS<1,II>,""DA"",EJ_FISCAL%:MES_BASE,EJ_FISCAL%:MES_BASE)ûNEXT IIûûIF GET_SALHIS(NUM_EMP,FINIPER,""SDI"") <> GET_SALHIS(NUM_EMP,FTERPER,""SDI"") THENû ARRAY_INCA= GET_KARDEX(NUM_EMP,FINIPER,FTERPER,""IN"")û ARRAY_FALT= GET_KARDEX(NUM_EMP,FINIPER,FTERPER,""FA"")û FOR FECHA_INT= FINIPER TO FTERPERû  FLAG= 1û  LOCATE FECHA_INT IN ARRAY_INCA<3> USING @VM SETTING POS1 THEN FLAG= 0û  IF FALTAS_MES < 7 THENû   LOCATE FECHA_INT IN ARRAY_FALT<3> USING @VM SETTING POS1 THEN FLAG= 0; FALTAS_MES+= 1û  ENDû  IF FLAG THENû   SDI= GET_SALHIS(NUM_EMP,FECHA_INT,""SDI"")û   IF SDI > IMP_TOPE THEN SDI= IMP_TOPEû   BASE= SDI - IMP_TOPE_EXEû   IF BASE < 0 THEN BASE= 0û   IMPORTE+= BASE * PORCENTAJEû   DATO+= 1û  ENDû NEXT FECHA_INTûEND ELSEû DIAS.IMSS= DIPC(""@IMS"",""TP1"")û û IF DIAS.IMSS > 0 THEN DIAS= DIAS.IMSSû û LOCATE ""####"" IN INCAPACIDADES USING @VM SETTING POS.RESTA ELSE POS.RESTA-=1û FOR II= 1 TO POS.RESTAû  RESTA= DIPC(INCAPACIDADES<1,II>,""TP1"")û  DIAS= DIAS - RESTAû NEXT IIû û IF FALTAS_MES >= 7 THENû  NUM_FALTAS= 0û END ELSEû  IF FALTAS_MES + NUM_FALTAS > 7 THENû   NUM_FALTAS= 7 - FALTAS_MESû  ENDû ENDû DIAS-= NUM_FALTASû                IF DIAS<0 THEN DIAS=0 û IF SIN@ > IMP_TOPE THEN  SDI= IMP_TOPE ELSE SDI = SIN@û û BASE= (SDI - IMP_TOPE_EXE)û IF BASE < 0 THEN BASE= 0û û IMPORTE= BASE * PORCENTAJE * DIASû DATO= DIASûEND",,,1,0,0,1,,,,,
@,IETU,PROVISION CREDITO IETU,E,NI,0,0,0,0,0,999,N,,,O,0,0,0,0,O,0,0,0,0,O,,,0,0,GRAVADO = SUM(REG_MOVTO<4>) - SUM(REG_MOVTO<13>)ûIMPORTE = GRAVADO/100 * 16.5 / 100,,,1,1,0,1,,,,,
@,@HEX,IMPORTE DE TIEMPO EXTRA,P,EN,1,1,5,1,0,25,N,,,R,0,30,1,0,O,0,0,1,0,O,,,0,0,"IF PARM2+0 <> 0 THEN IMPORTE= PARM2; DATO= PARM1; RETURNûû$INSERT AN_TIPOSûûHRS_DOB= 0ûHRS_EXT= DIPC(""4306"",""TP1"")ûIF HRS_EXT > 0 THENû PERIODICIDAD= REG_TIPO<AN_TIPOS.PERIODICIDAD%>û û BEGIN CASEû  CASE PERIODICIDAD = ""S""; TOPE= 9û  CASE PERIODICIDAD = ""Q""; TOPE= 18û  CASE PERIODICIDAD = ""M""; TOPE= 36û  CASE 1; TOPE= 18û END CASEû û IF HRS_EXT > TOPE THEN HRS_DOB= TOPE ELSE HRS_DOB= HRS_EXTûENDûHRS_DOB+= PARM1ûûIMPORTE= HRS_DOB * SDI@/8 * 2ûDATO= HRS_DOB",Importe =  @SDI / 8 * @DA1 * 2,,1,1,0,1,,,,,
@,@CSP,CREDITO AL SALARIO PAGADO,P,NI,0,0,0,1,0,971,N,,,O,0,0,0,0,O,0,0,0,0,O,,,0,0,,Importe =  @SDI * @DA1,,0,1,0,0,,,,,
@,@GPP,CUOTA PAT GASTOS MEDICOS PENSIONADOS,X,NI,0,0,0,0,0,653,N,,,O,0,0,0,0,O,0,0,0,0,O,,,0,0,"*IF @USERNAME = ""MANAGER_NOM"" THEN DEBUGûDECLARE FUNCTION GET_SALHIS, GET_KARDEXûûIF PARM2 NE """" AND PARM2 NE 0 THEN IMPORTE= PARM2; DATO= PARM1; RETURNûûFINIPER_EXT =  FECHA(FINIPER,2,""AAAAMMDD"")    ûCALL TABLAS_IMSS(CLV_DIP, ZONA_ECO, FINIPER_EXT, PORCENTAJE, IMP_TOPE, IMP_TOPE_EXE, FALTAS,INCAPACIDADES, STATUS)ûDIAS= DIAS_PER+DIPM(""DADI"",""DA"")ûûNUM_FALTAS= 0ûFALTAS_MES= 0ûLOCATE ""####"" IN FALTAS USING @VM SETTING POS.RESTA ELSE POS.RESTA-=1ûFOR II= 1 TO POS.RESTAû NUM_FALTAS+= DIPC(FALTAS<1,II>,""TP1"")û FALTAS_MES+= DIPA(FALTAS<1,II>,""DA"",EJ_FISCAL%:MES_BASE,EJ_FISCAL%:MES_BASE)ûNEXT IIûûIF GET_SALHIS(NUM_EMP,FINIPER,""SDI"") <> GET_SALHIS(NUM_EMP,FTERPER,""SDI"") THENû ARRAY_INCA= GET_KARDEX(NUM_EMP,FINIPER,FTERPER,""IN"")û ARRAY_FALT= GET_KARDEX(NUM_EMP,FINIPER,FTERPER,""FA"")û FOR FECHA_INT= FINIPER TO FTERPERû  FLAG= 1û  LOCATE FECHA_INT IN ARRAY_INCA<3> USING @VM SETTING POS1 THEN FLAG= 0û  IF FALTAS_MES < 7 THENû   LOCATE FECHA_INT IN ARRAY_FALT<3> USING @VM SETTING POS1 THEN FLAG= 0; FALTAS_MES+= 1û  ENDû  IF FLAG THENû   SDI= GET_SALHIS(NUM_EMP,FECHA_INT,""SDI"")û   IF SDI > IMP_TOPE THEN SDI= IMP_TOPEû   BASE= SDI - IMP_TOPE_EXEû   IF BASE < 0 THEN BASE= 0û   IMPORTE+= BASE * PORCENTAJEû   DATO+= 1û  ENDû NEXT FECHA_INTûEND ELSEû DIAS.IMSS= DIPC(""@IMS"",""TP1"")û û IF DIAS.IMSS > 0 THEN DIAS= DIAS.IMSSû û LOCATE ""####"" IN INCAPACIDADES USING @VM SETTING POS.RESTA ELSE POS.RESTA-=1û FOR II= 1 TO POS.RESTAû  RESTA= DIPC(INCAPACIDADES<1,II>,""TP1"")û  DIAS= DIAS - RESTAû NEXT IIû û IF FALTAS_MES >= 7 THENû  NUM_FALTAS= 0û END ELSEû  IF FALTAS_MES + NUM_FALTAS > 7 THENû   NUM_FALTAS= 7 - FALTAS_MESû  ENDû ENDû DIAS-= NUM_FALTASû                IF DIAS<0 THEN DIAS=0 û IF SIN@ > IMP_TOPE THEN  SDI= IMP_TOPE ELSE SDI = SIN@û û BASE= (SDI - IMP_TOPE_EXE)û IF BASE < 0 THEN BASE= 0û û IMPORTE= BASE * PORCENTAJE * DIASû DATO= DIASûEND",,,1,0,0,1,,,,,
@,@SAC,SUBSIDIO ACREDITADO,X,NI,0,0,0,0,0,980,N,,,O,0,0,0,0,O,0,0,0,0,O,,,0,0,,Importe =  @SDI / 8 * @DA1 * 2,,0,0,0,0,,,,,
@,FALT,FALTA INJUSTIFICADA,D,GN,1,0,0,1,0,600,N,,,R,0,0,1,0,O,0,0,1,0,O,,,0,0,"IF PARM2 NE """" AND PARM2 NE 0 THEN IMPORTE= PARM2; DATO= PARM1; RETURNûû$INSERT AN_TIPOSûû*obtiene ausentismoûDIAS_AUSE= 0ûFINIPER_EXT=  FECHA(FINIPER,2,""AAAAMMDD"")ûCALL TABLAS_IMSS(""@IMS"", ZONA_ECO, FINIPER_EXT, PORCENTAJE, IMP_TOPE, IMP_TOPE_EXE, FALTAS,INCAPACIDADES, STATUS)ûFOR CONT1= 1 TO COUNT(FALTAS, @VM) + 1û DIAS_AUSE+= DIPM(FALTAS<1,CONT1>, ""DA"")ûNEXT CONT1ûFOR CONT1= 1 TO COUNT(INCAPACIDADES, @VM) + 1û DIAS_AUSE+= DIPM(INCAPACIDADES<1,CONT1>, ""DA"")ûNEXT CONT1ûûIF REG_TIPO<AN_TIPOS.PERIODICIDAD%> = ""S"" THENû DIAS_JOR= DIAS_PERû û DIAS_DISP= DIAS_JOR - DIAS_AUSEû IF DIAS_DISP <= 0 THEN DIAS_DISP= 0û IF PARM1 > DIAS_DISP THEN DIAS_DESC= DIAS_DISP ELSE DIAS_DESC= PARM1û û FACTOR= 1ûEND ELSEû DIAS_DESC= PARM1û FACTOR= 1ûENDûûIMPORTE= SDI@*DIAS_DESC*FACTORûDATO= PARM1",,,1,1,0,1,,,,,
@,RETR,PAGO RETRACTIVO,P,GN,1,1,0,1,0,5,N,,,R,0,0,1,0,R,0,0,1,0,O,,,0,0,Importe = PARM1ûDato = PARM1,,,1,1,0,1,,,,,
@,@BOA,ASIMILADOS A SALARIOS,P,GN,1,0,0,1,0,400,N,,,R,0,0,1,0,O,0,0,0,0,O,,,0,0,Importe = PARM1,,,0,1,0,1,,,,,
@,@CEP,CUOTA PATRONAL ENF Y MAT (PREST ESPECIE),X,NI,0,0,0,0,0,652,N,,,O,0,0,0,0,O,0,0,0,0,O,,,0,0,"*IF @USERNAME = ""MANAGER_NOM"" THEN DEBUGûDECLARE FUNCTION GET_SALHIS, GET_KARDEXûûIF PARM2 NE """" AND PARM2 NE 0 THEN IMPORTE= PARM2; DATO= PARM1; RETURNûûFINIPER_EXT =  FECHA(FINIPER,2,""AAAAMMDD"")    ûCALL TABLAS_IMSS(CLV_DIP, ZONA_ECO, FINIPER_EXT, PORCENTAJE, IMP_TOPE, IMP_TOPE_EXE, FALTAS,INCAPACIDADES, STATUS)ûDIAS= DIAS_PERûûNUM_FALTAS= 0ûFALTAS_MES= 0ûLOCATE ""####"" IN FALTAS USING @VM SETTING POS.RESTA ELSE POS.RESTA-=1ûFOR II= 1 TO POS.RESTAû NUM_FALTAS+= DIPC(FALTAS<1,II>,""TP1"")û FALTAS_MES+= DIPA(FALTAS<1,II>,""DA"",EJ_FISCAL%:MES_BASE,EJ_FISCAL%:MES_BASE)ûNEXT IIûûIF GET_SALHIS(NUM_EMP,FINIPER,""SDI"") <> GET_SALHIS(NUM_EMP,FTERPER,""SDI"") THENû ARRAY_INCA= GET_KARDEX(NUM_EMP,FINIPER,FTERPER,""IN"")û ARRAY_FALT= GET_KARDEX(NUM_EMP,FINIPER,FTERPER,""FA"")û FOR FECHA_INT= FINIPER TO FTERPERû  FLAG= 1û  LOCATE FECHA_INT IN ARRAY_INCA<3> USING @VM SETTING POS1 THEN FLAG= 0û  IF FALTAS_MES < 7 THENû   LOCATE FECHA_INT IN ARRAY_FALT<3> USING @VM SETTING POS1 THEN FLAG= 0; FALTAS_MES+= 1û  ENDû  IF FLAG THENû   SDI= GET_SALHIS(NUM_EMP,FECHA_INT,""SDI"")û   IF SDI > IMP_TOPE THEN SDI= IMP_TOPEû   BASE= SDI - IMP_TOPE_EXEû   IF BASE < 0 THEN BASE= 0û   IMPORTE+= BASE * PORCENTAJEû   DATO+= 1û  ENDû NEXT FECHA_INTûEND ELSEû DIAS.IMSS= DIPC(""@IMS"",""TP1"")û û IF DIAS.IMSS > 0 THEN DIAS= DIAS.IMSSû û LOCATE ""####"" IN INCAPACIDADES USING @VM SETTING POS.RESTA ELSE POS.RESTA-=1û FOR II= 1 TO POS.RESTAû  RESTA= DIPC(INCAPACIDADES<1,II>,""TP1"")û  DIAS= DIAS - RESTAû NEXT IIû û IF FALTAS_MES >= 7 THENû  NUM_FALTAS= 0û END ELSEû  IF FALTAS_MES + NUM_FALTAS > 7 THENû   NUM_FALTAS= 7 - FALTAS_MESû  ENDû ENDû DIAS-= NUM_FALTASû                IF DIAS<0 THEN DIAS=0 û IF SIN@ > IMP_TOPE THEN  SDI= IMP_TOPE ELSE SDI = SIN@û û BASE= (SDI - IMP_TOPE_EXE)û IF BASE < 0 THEN BASE= 0û û IMPORTE= BASE * PORCENTAJE * DIASû DATO= DIASûEND",,,1,0,0,1,,,,,
@,INCA,INCAPACIDADES,D,GN,1,0,0,1,0,610,N,,,R,0,0,0,0,R,0,0,0,0,R,,,0,0,Importe = SDI@*PARM1ûDato = PARM1,,,0,1,0,1,,,,,
@,ISDO,INTEGRACION DEL SALARIO,P,GN,0,0,0,0,0,100,N,,,O,0,0,0,0,O,0,0,0,0,O,,,0,0,IMPORTE = SDI@,,,1,1,0,1,,,,,
@,VIAJ,AJUSTE DE VIATICOS,D,NI,0,,0,0,0,600,N,,,O,0,0,0,0,O,0,0,0,0,O,,,0,0,"Importe = DIPM(""VINC"",""IM"")",,,0,1,0,1,,,,,
@,ANAE,ANTICIPO AGUINALDO EUA,P,GN,1,,0,1,0,300,N,,,R,0,0,1,0,O,0,0,0,0,O,,,0,0,Importe = PARM1,,,0,1,0,1,,,,,
@,CFAH,F.A. APORT. PATRONAL,P,NI,0,,0,1,0,315,N,,,O,0,0,1,0,O,0,0,1,0,O,,,0,0,"Importe = DIPM(""EFAH"",""IM"")ûDato = DIPM(""EFAH"",""DA"")",,,1,1,0,1,,,,,
@,ODED,OTRAS DEDUCCIONES FIJAS,D,NI,0,,0,0,0,50,N,,,O,0,0,1,0,O,0,0,0,0,O,,,0,0,"FINIPER_EXT =  FECHA(FINIPER,2,""AAAAMMDD"")ûûIF FINIPER_EXT[7,2]*1=16 AND TIPO_NOM=""NQ"" THENûImporte = PARM1ûûEND",,,1,1,0,1,,,,,
@,PMFV,FINIQUITO VACACIONES,P,GN,1,0,0,1,0,25,N,,,R,0,0,1,0,O,0,0,1,0,O,,,0,0,"IF PARM2+0 <> 0 THEN IMPORTE= PARM2; DATO= PARM1; RETURNûûIF @USERNAME = ""MANAGER_NOM"" THEN DEBUGûûIMPORTE= SDI@ * PARM1û*DATO= INT(PARM1)",,,1,1,0,1,,,,,
@,DICL,DESC INTERESES CLIENTE,D,NI,0,,0,1,0,761,N,,,R,0,0,1,0,O,0,0,1,0,O,,,0,0,Importe = PARM1ûDato = PARM2,,,1,1,0,1,,,,,
@,PAL7,PENSION ALIMENTICIA,D,GN,0,,0,0,0,999,N,,,O,0,0,0,0,O,0,0,0,0,O,,,0,0,"BASE= SUM(REG_MOVTO<AN_EMP_MOVTOS.IMP_P%>) / 100ûRESTA=DIPM(""FALT"",""IM"")+DIPM(""VALX"",""IM"")+DIPM(""CFAH"",""IM"")+DIPM(""EFAH"",""IM"")+(+DIPM(""IFAH"",""IM"")/2)ûûIMPORTE=(BASE-RESTA)*(PARM1/100)ûDATO=PARM1",,,1,1,0,1,,,,,
@,VADP,VALES DESPENSA P.A.,D,NI,0,,0,0,0,999,N,,,O,0,0,1,0,O,0,0,1,0,O,,,0,0,"IF TIPO_NOM=""FQ"" THENûIMPORTE= DIPM(""VALX"",""IM"") * PARM1 / 100ûENDûûûFINIPER_EXT =  FECHA(FINIPER,2,""AAAAMMDD"")ûûIF (FINIPER_EXT[7,2]*1=16 AND TIPO_NOM=""NQ"") OR TIPO_NOM=""VQ"" THENûIMPORTE= DIPM(""VALX"",""IM"") * PARM1 / 100ûIF IMPORTE <> 0 THEN DATO= PARM1ûEND",,,1,1,0,1,,,,,
@,PCG5,PERMISO CON GOCE POR COMISION,D,GN,1,,0,1,0,34,N,,,O,0,0,1,0,O,0,0,1,0,O,,,0,0,"*IF PARM2 NE """" AND PARM2 NE 0 THEN IMPORTE= PARM2; DATO= PARM1; RETURNûû*IMPORTE= SDI@ * PARM1ûDATO= PARM1",,,1,1,0,1,,,,,
@,DVGA,DEDUCCION POR GASOLINA,D,NI,0,,0,0,0,301,N,,,O,0,0,0,0,O,0,0,0,0,O,,,0,0,"IMP_VALE = DIPM(""DGAS"",""IM"")ûIF IMP_VALE THENû    IMPORTE = 0.10ûEND ûû",,,1,1,0,1,,,,,
@,PMSR,SUELDO RETROACTIVO,P,GN,1,0,0,1,0,15,N,,,R,0,0,1,0,O,0,0,1,0,O,,,0,0,Importe = PARM1û*Dato = PARM2,,,1,1,0,1,,,,,
@,GAMM,GASTOS MEDICOS MAYORES,P,EX,0,,0,1,0,264,N,,,R,0,0,1,0,O,0,0,1,0,O,,,0,0,Importe = PARM1ûDato = PARM2,,,1,1,0,1,,,,,
@,@BGL,BASE GRAVABLE IMPUESTOS LOCALES,X,NI,0,0,0,0,0,999,N,,,O,0,0,0,0,O,0,0,0,0,O,,,0,0,"DECLARE FUNCTION SALARIOMIN, FECHAû$INSERT AN_CATALOGOSûRECINTO = REG_EMP<AN_EMP.RECINTO%>ûBASE_PER = 0ûBASE_DED  = 0û BASE_EMP = 0ûSAL.MIN = SAL_MINûCALL IO_READ(REGR,""AN_RECINTOS"","""",RECINTO,"""",1,ST)û   LOCALIDAD = REGR<13>û   LLAVE_IE = ""I@"":LOCALIDADû   CALL IO_READ(REGR,""AN_CATALOGOS"","""",LLAVE_IE,"""",1,ST)û   IF ST EQ 0 THENû     BASE_PER = 0û     LOCATE ""#$#$"" IN REG_MOVTO<AN_EMP_MOVTOS.CLV_DIP_P%> USING @VM SETTING POS ELSE POS-=1û     FOR P = 1 TO POSû        DIPE = REG_MOVTO<AN_EMP_MOVTOS.CLV_DIP_P%,P>û        LOCATE DIPE IN REGR<2> USING @VM SETTING POSD THENû             IMP = REG_MOVTO<AN_EMP_MOVTOS.IMP_P%,P>û             BASE_PER+=IMPû        ENDû     NEXT Pû     BASE_DED = 0û     LOCATE ""#$#$"" IN REG_MOVTO<AN_EMP_MOVTOS.CLV_DIP_D%> USING @VM SETTING POS ELSE POS-=1û     FOR D = 1 TO POSû        DIPE = REG_MOVTO<AN_EMP_MOVTOS.CLV_DIP_D%,D>û        LOCATE DIPE IN REGR<2> USING @VM SETTING POSD THENû             IMP = REG_MOVTO<AN_EMP_MOVTOS.IMP_D%,D>û             BASE_DED+=IMPû        ENDû     NEXT P û     BASE_EMP = 0û     LOCATE ""#$#$"" IN REG_MOVTO<AN_EMP_MOVTOS.CLV_DIP_EMP%> USING @VM SETTING POS ELSE POS-=1û     FOR D = 1 TO POSû        DIPE = REG_MOVTO<AN_EMP_MOVTOS.CLV_DIP_EMP%,D>û        LOCATE DIPE IN REGR<2> USING @VM SETTING POSD THENû           SI_BASE = REGR<4,POSD>û           SI_TOPE = REGR<5,POSD>û           IF SI_TOPE EQ ""X"" THENû             LOC_VALES = """"û             LOC_VALES<-1> = ""01""û             LOC_VALES<-1> = ""12""û             LOC_VALES<-1> = ""16""û             LOC_VALES<-1> = ""22""û             LOC_VALES<-1> = ""24""û             LOC_VALES<-1> = ""13""û             LOC_VALES<-1> = ""23""û             IF DIPE =""VALE"" THENû                 LOCATE LOCALIDAD IN LOC_VALES USING @FM SETTING POS THENû                     BASE = REG_MOVTO<AN_EMP_MOVTOS.IMP_EMP%,D>û                     TOPE = ((SAL.MIN * .40)*100)*15û                     IF BASE > TOPE THENû                       IMP = BASE - TOPEû                       BASE_EMP+ =IMPû                    ENDû                 ENDû             ENDû           END ELSEû            IMP = REG_MOVTO<AN_EMP_MOVTOS.IMP_EMP%,D>û            BASE_EMP+=IMPû           ENDû        END û     NEXT P û   ENDû   IMPORTE = (BASE_PER - BASE_DED + BASE_EMP)/100û",,,1,1,0,1,,,,,
@,VIAN,CIATICOS COMPROBADOS NO DEDUCIBLES,P,EX,0,,0,1,0,2,N,,,R,0,0,1,0,O,0,0,0,0,O,,,0,0,Importe = PARM1,,,0,1,0,1,,,,,
@,FAHC,FONDO DE AHORRO EMPRESA,P,EX,1,1,0,1,0,90,N,,,O,0,0,1,0,O,0,0,1,0,O,,,0,0,"IF PARM1 = 0 AND PARM2=1 THEN RETURNûûIF PARM1 > 0 AND PARM2=1 THENûIMPORTE=PARM1ûdebugûRETURNûENDûIF PARM2 NE """" AND PARM2 NE 0 THEN IMPORTE= PARM2; DATO= PARM1; RETURNû*FLAG F.A.ûIF REG_EMP<AN_EMP.SIN_US048%>+0 = 0 THEN RETURNû* ûû$INSERT AN_TIPOSû$INSERT AN_TIPO_EMPûû*no pagar si es eventualûCALL IO_READ(REGTEMP,""AN_TIPO_EMP"","""",REG_EMP<AN_EMP.TIPO_EMP%>,"""",1,ST_RD)ûIF REGTEMP<AN_TIPO_EMP.TIPO%> = 1 OR ST_RD <> 0 THEN RETURNûûPERIODICIDAD= REG_TIPO<AN_TIPOS.PERIODICIDAD%>ûû*Se calculan los dias trabajadosûIF PARM1 NE 0 AND PARM1 NE """" THENû DIAS_TRA= PARM1ûEND ELSEû DIAS_TRA= DIPM(""MATA"",""DA"")+DIPM(""PATA"",""DA"")+ DIPM(""PNOR"",""DA"") + DIPM(""SDIA"",""DA"")+ DIPM(""PCGS"",""DA"")+ DIPM(""PCG1"",""DA"")+ DIPM(""PPPA"",""DA"")ûENDûûPUEST=REG_EMP<AN_EMP.PUESTO%>ûIF PUEST<>""0058"" THENûDIAS_TRA= DIAS_TRA + DIPM(""@VAC"",""DA"") + DIPM(""DOFF"",""DA"")ûENDûû*obtiene ausentismoûDIAS_AUSE= 0ûFINIPER_EXT=  FECHA(FINIPER,2,""AAAAMMDD"")ûCALL TABLAS_IMSS(""@IMS"", ZONA_ECO, FINIPER_EXT, PORCENTAJE, IMP_TOPE, IMP_TOPE_EXE, FALTAS,INCAPACIDADES, STATUS)û*/*ûFOR CONT1= 1 TO COUNT(FALTAS, @VM) + 1û DIAS_AUSE+= DIPC(FALTAS<1,CONT1>, ""TP1"")ûNEXT CONT1û*/ûFOR CONT1= 1 TO COUNT(INCAPACIDADES, @VM) + 1û DIAS_AUSE+= DIPC(INCAPACIDADES<1,CONT1>, ""TP1"")ûNEXT CONT1ûûIF PERIODICIDAD = ""S"" THEN DIAS_AUSE= DIAS_AUSE * 7/(HRT@/HRD@)ûDIAS_TRA-= DIAS_AUSEû*PARAS=DIPC(""INCE"",""PH"")û*FECHAB=FECHA(PARAS,1,""AAAAMMDD"")ûû*if PARAS[7,2]=31 THEN DIAS_TRA=DIAS_TRA+1ûûIF DIAS_TRA < 0 THEN DIAS_TRA= 0ûûBEGIN CASEû CASE REG_TIPO<AN_TIPOS.PERIODICIDAD%> = ""S""û  PORCENTAJE= 0.00û CASE REG_TIPO<AN_TIPOS.PERIODICIDAD%> = ""Q""û  IF REG_EMP<AN_EMP.SIN_US045%> = ""PA""  OR REG_EMP<AN_EMP.SIN_US045%> = ""P1""  OR REG_EMP<AN_EMP.SIN_US045%> = ""P2"" OR REG_EMP<AN_EMP.SIN_US045%> = ""P3"" OR  REG_EMP<AN_EMP.SIN_US045%> = ""P4"" OR REG_EMP<AN_EMP.SIN_US045%> = ""P5"" THENû   PORCENTAJE= 13.00û   û   *Se calcula el tope exento como el 13% de 10 Salarios Minimosû   TOPE_DIA= SAL_MIN*10*13/100*30.4/30û   û   SAL_FULL= SDI@*PORCENTAJE/100û   GOSUB TOPEû  END ELSEû   SAL_DIA= 200/30û  ENDû CASE 1û  PORCENTAJE= 13.00ûEND CASEûûIMPORTE= DIAS_TRA * SAL_DIAûDATO= DIAS_TRAûûRETURNûû*****ûTOPE:û*****û IF SAL_FULL > TOPE_DIA THENû  SAL_DIA= TOPE_DIAû END ELSEû  SAL_DIA= SAL_FULLû ENDûRETURN",,,1,1,1,1,,,,,
@,FONA,FONACOT,D,NI,0,0,0,1,0,690,N,,,O,0,0,1,0,O,0,0,1,0,O,,,0,0,"ûû$INSERT AN_TIPOSû$INSERT AN_CATALOGOSûûPERIODICIDAD= REG_TIPO<AN_TIPOS.PERIODICIDAD%>ûûBEGIN CASEû CASE PERIODICIDAD = ""M""; NUM_PERIODOS= 1û CASE PERIODICIDAD = ""Q""; NUM_PERIODOS= 1û CASE PERIODICIDAD = ""S""; GOSUB GET_NUMPERû CASE 1ûEND CASEûûDIASPCGS=0ûARRAYPCGS=""""ûARRAYPCGS<1,1>=""PCGS""ûFOR CONT1= 1 TO COUNT(ARRAYPCGS, @VM) + 1û DIASPCGS+= DIPM(ARRAYPCGS<1,CONT1>, ""DA"")ûNEXT CONT1ûûûFINIPER_EXT= FECHA(FINIPER,2,""AAAAMMDD"")ûCALL TABLAS_IMSS(""@IMS"", ZONA_ECO, FINIPER_EXT, PORCENTAJE, IMP_TOPE, IMP_TOPE_EXE, FALTAS, INCAPACIDADES, STATUS)ûûDIAS_TRA= DIPM(""PNOR"",""DA"") + DIPM(""@VAC"",""DA"")û*IF TIPO_NOM = ""FQ"" THEN DIAS_TRA= DIPM(""PNOR"",""DA"") ûDIAS= DIAS_TRAûûIF TIPO_NOM = ""FQS"" THENû*/* que si descontar faltas*\ûFOR CONT1= 1 TO COUNT(FALTAS, @VM) + 1û DIAS-= DIPM(FALTAS<1,CONT1>,""DA"")ûNEXT CONTûENDûûFOR CONT1= 1 TO COUNT(INCAPACIDADES, @VM) + 1û DIAS-= DIPM(INCAPACIDADES<1,CONT1>, ""DA"")ûNEXT CONT1ûûûIF DIAS_TRA-DIAS > 0 THENûIMPORTE= PARM1/NUM_PERIODOS/DIAS_TRA * DIASûif tipo_nom = ""FQ"" THENûIMPORTE= PARM1/NUM_PERIODOS/15 * DIASûENDûEND ELSEûIMPORTE = PARM1ûENDûûûûRETURNûû***********ûGET_NUMPER:û***********û NUM_PERIODOS= 4û CALL IO_READ(REG_CAT,""AN_CATALOGOS"","""",""FONA"","""",1,STATUS)û LOCATE EJ_FISCAL%:MES_BASE IN REG_CAT<AN_CATALOGOS.CLAVES%> USING @VM SETTING POS_CAT THENû  NUM_PERIODOS= REG_CAT<AN_CATALOGOS.CAMPO_3%, POS_CAT>û ENDûRETURN",,,1,1,0,1,,,,,
@,@CSA,CREDITO AL SALARIO ACREDITADO,D,NI,0,0,0,0,0,980,N,,,O,0,0,0,0,O,0,0,0,0,O,,,0,0,"Importe = ( DIPM(""@CSC"",""IM"")- DIPM(""@CSP"",""IM""))*-1",,,1,1,0,1,,,,,
@,@SEC,SUBSIDIO PARA EL EMPLEO CALCULADO,X,NI,0,0,0,1,0,970,N,,,O,0,0,1,0,O,0,0,1,0,O,,,0,0,,,,0,0,0,0,,,,,
@,@AFP,SAR APORTACION FONDO DE PENSION,E,NI,0,0,0,0,0,656,N,,,O,0,0,0,0,O,0,0,0,0,O,,,0,0,,Importe =  @DA1,,0,0,0,0,,,,,
@,@IVO,CUOTA OBRERA INVALIDEZ Y VIDA,X,NI,0,0,0,0,0,654,N,,,O,0,0,0,0,O,0,0,0,0,O,,,0,0,"DECLARE FUNCTION GET_SALHIS, GET_KARDEXûûIF PARM2 NE """" AND PARM2 NE 0 THEN IMPORTE= PARM2; DATO= PARM1; RETURNûûFINIPER_EXT =  FECHA(FINIPER,2,""AAAAMMDD"")ûCALL TABLAS_IMSS(CLV_DIP, ZONA_ECO, FINIPER_EXT, PORCENTAJE, IMP_TOPE, IMP_TOPE_EXE, FALTAS,INCAPACIDADES, STATUS)ûDIAS= DIAS_PER+DIPM(""DADI"",""DA"")ûûNUM_FALTAS= 0ûFALTAS_MES= 0ûLOCATE ""####"" IN FALTAS USING @VM SETTING POS.RESTA ELSE POS.RESTA-=1ûFOR II= 1 TO POS.RESTAû NUM_FALTAS+= DIPC(FALTAS<1,II>,""TP1"")û FALTAS_MES+= DIPA(FALTAS<1,II>,""DA"",EJ_FISCAL%:MES_BASE,EJ_FISCAL%:MES_BASE)ûNEXT IIûûFECHADEALTA = REG_EMP<AN_EMP.F_INGRESO%>ûIF GET_SALHIS(NUM_EMP,FINIPER,""SDI"") <> GET_SALHIS(NUM_EMP,FTERPER,""SDI"") AND FINIPER_EXT<=FECHADEALTA THENû ARRAY_INCA= GET_KARDEX(NUM_EMP,FINIPER,FTERPER,""IN"")û ARRAY_FALT= GET_KARDEX(NUM_EMP,FINIPER,FTERPER,""FA"")û FOR FECHA_INT= FINIPER TO FTERPERû  FLAG= 1û  LOCATE FECHA_INT IN ARRAY_INCA<3> USING @VM SETTING POS1 THEN FLAG= 0û  IF FALTAS_MES < 7 THENû   LOCATE FECHA_INT IN ARRAY_FALT<3> USING @VM SETTING POS1 THEN FLAG= 0; FALTAS_MES+= 1û  ENDû  IF FLAG THENû   SDI= GET_SALHIS(NUM_EMP,FECHA_INT,""SDI"")û   IF SDI > IMP_TOPE THEN SDI= IMP_TOPEû   BASE= SDI - IMP_TOPE_EXEû   IF BASE < 0 THEN BASE= 0û   IMPORTE+= BASE * PORCENTAJEû   DATO+= 1û  ENDû NEXT FECHA_INTûEND ELSEû DIAS.IMSS= DIPC(""@IMS"",""TP1"")ûû IF DIAS.IMSS > 0 THEN DIAS= DIAS.IMSSûû LOCATE ""####"" IN INCAPACIDADES USING @VM SETTING POS.RESTA ELSE POS.RESTA-=1û FOR II= 1 TO POS.RESTAû  RESTA= DIPC(INCAPACIDADES<1,II>,""TP1"")û  DIAS= DIAS - RESTAû NEXT IIû û IF FALTAS_MES >= 7 THENû  NUM_FALTAS= 0û END ELSEû  IF FALTAS_MES + NUM_FALTAS > 7 THENû   NUM_FALTAS= 7 - FALTAS_MESû  ENDû ENDû DIAS-= NUM_FALTASû                IF DIAS<0 THEN DIAS=0û IF SIN@ > IMP_TOPE THEN  SDI= IMP_TOPE ELSE SDI = SIN@ûû BASE= (SDI - IMP_TOPE_EXE)û IF BASE < 0 THEN BASE= 0ûû IMPORTE= BASE * PORCENTAJE * DIASû DATO= DIASûENDû",,,1,1,0,1,,,,,
@,PRPA,PROVISION DE PRIMA DE ANTIGUEDAD,E,NI,0,0,0,0,0,304,N,,,O,0,0,0,0,O,0,0,0,0,O,,,0,0,"COMMON /CALCULO_VARIO/ REG.VAC, REG.GRA, ANTIG_EMP   ûANOS        = INT(ANTIG_EMP + 0.99) ûDIAS.DER = 12û    SALARIO = SDI@û    IF SALARIO > (2 * SMI@) THEN SALARIO = 2 * SMI@û    IMPORTE       = SALARIO * DIAS.DER / 365 * DIAS_PERû    DATO             = DIAS.DER / 365 * DIAS_PER û",,,1,0,0,1,,,,,
@,@GPO,CUOTA OBRERA GASTOS MEDICOS PENSIONADOS,X,NI,0,0,0,0,0,653,N,,,O,0,0,0,0,O,0,0,0,0,O,,,0,0,"DECLARE FUNCTION GET_SALHIS, GET_KARDEXûûIF PARM2 NE """" AND PARM2 NE 0 THEN IMPORTE= PARM2; DATO= PARM1; RETURNûûFINIPER_EXT =  FECHA(FINIPER,2,""AAAAMMDD"")ûCALL TABLAS_IMSS(CLV_DIP, ZONA_ECO, FINIPER_EXT, PORCENTAJE, IMP_TOPE, IMP_TOPE_EXE, FALTAS,INCAPACIDADES, STATUS)ûDIAS= DIAS_PER+DIPM(""DADI"",""DA"")ûûNUM_FALTAS= 0ûFALTAS_MES= 0ûLOCATE ""####"" IN FALTAS USING @VM SETTING POS.RESTA ELSE POS.RESTA-=1ûFOR II= 1 TO POS.RESTAû NUM_FALTAS+= DIPC(FALTAS<1,II>,""TP1"")û FALTAS_MES+= DIPA(FALTAS<1,II>,""DA"",EJ_FISCAL%:MES_BASE,EJ_FISCAL%:MES_BASE)ûNEXT IIûFECHADEALTA = REG_EMP<AN_EMP.F_INGRESO%>ûIF GET_SALHIS(NUM_EMP,FINIPER,""SDI"") <> GET_SALHIS(NUM_EMP,FTERPER,""SDI"") AND FINIPER_EXT<=FECHADEALTA THENû ARRAY_INCA= GET_KARDEX(NUM_EMP,FINIPER,FTERPER,""IN"")û ARRAY_FALT= GET_KARDEX(NUM_EMP,FINIPER,FTERPER,""FA"")û FOR FECHA_INT= FINIPER TO FTERPERû  FLAG= 1û  LOCATE FECHA_INT IN ARRAY_INCA<3> USING @VM SETTING POS1 THEN FLAG= 0û  IF FALTAS_MES < 7 THENû   LOCATE FECHA_INT IN ARRAY_FALT<3> USING @VM SETTING POS1 THEN FLAG= 0; FALTAS_MES+= 1û  ENDû  IF FLAG THENû   SDI= GET_SALHIS(NUM_EMP,FECHA_INT,""SDI"")û   IF SDI > IMP_TOPE THEN SDI= IMP_TOPEû   BASE= SDI - IMP_TOPE_EXEû   IF BASE < 0 THEN BASE= 0û   IMPORTE+= BASE * PORCENTAJEû   DATO+= 1û  ENDû NEXT FECHA_INTûEND ELSEûû DIAS.IMSS= DIPC(""@IMS"",""TP1"")ûû IF DIAS.IMSS > 0 THEN DIAS= DIAS.IMSSûû LOCATE ""####"" IN INCAPACIDADES USING @VM SETTING POS.RESTA ELSE POS.RESTA-=1û FOR II= 1 TO POS.RESTAû  RESTA= DIPC(INCAPACIDADES<1,II>,""TP1"")û  DIAS= DIAS - RESTAû NEXT IIû û IF FALTAS_MES >= 7 THENû  NUM_FALTAS= 0û END ELSEû  IF FALTAS_MES + NUM_FALTAS > 7 THENû   NUM_FALTAS= 7 - FALTAS_MESû  ENDû ENDû DIAS-= NUM_FALTASû                IF DIAS<0 THEN DIAS=0û IF SIN@ > IMP_TOPE THEN  SDI= IMP_TOPE ELSE SDI = SIN@ûû BASE= (SDI - IMP_TOPE_EXE)û IF BASE < 0 THEN BASE= 0ûû IMPORTE= BASE * PORCENTAJE * DIASû DATO= DIASûENDû",,,1,0,0,1,,,,,
@,INCR,INCAPACIDAD ACCIDENTE TRABAJO,D,GN,1,0,0,1,0,622,N,,,R,0,0,1,0,O,0,0,1,0,O,,,0,0,"IF PARM2 NE """" AND PARM2 NE 0 THEN IMPORTE= PARM2; DATO= PARM1; RETURNûû$INSERT AN_TIPOSûû*obtiene ausentismoûDIAS_AUSE= 0ûFINIPER_EXT=  FECHA(FINIPER,2,""AAAAMMDD"")ûCALL TABLAS_IMSS(""@IMS"", ZONA_ECO, FINIPER_EXT, PORCENTAJE, IMP_TOPE, IMP_TOPE_EXE, FALTAS,INCAPACIDADES, STATUS)ûFOR CONT1= 1 TO COUNT(FALTAS, @VM) + 1û DIAS_AUSE+= DIPM(FALTAS<1,CONT1>, ""DA"")ûNEXT CONT1ûFOR CONT1= 1 TO COUNT(INCAPACIDADES, @VM) + 1û DIAS_AUSE+= DIPM(INCAPACIDADES<1,CONT1>, ""DA"")ûNEXT CONT1ûûIF REG_TIPO<AN_TIPOS.PERIODICIDAD%> = ""S"" THENû DIAS_JOR= DIAS_PERû û DIAS_DISP= DIAS_JOR - DIAS_AUSEû IF DIAS_DISP <= 0 THEN DIAS_DISP= 0û IF PARM1 > DIAS_DISP THEN DIAS_DESC= DIAS_DISP ELSE DIAS_DESC= PARM1û û FACTOR= 7/6ûEND ELSEû DIAS_PAGA= DIPM(""PNOR"",""DA"") + DIPM(""@VAC"",""DA"")û DIAS_DISP= DIAS_PAGA - DIAS_AUSEû û IF DIAS_DISP <= 0 THEN DIAS_DISP= 0û IF PARM1 > DIAS_DISP THEN DIAS_DESC= DIAS_DISP ELSE DIAS_DESC= PARM1ûû FACTOR= 1ûENDûûIMPORTE= SDI@*DIAS_DESC*FACTORûDATO= DIAS_DESC",,,1,1,0,1,,,,,
@,DFES,FESTIVO TRABAJADO,P,EN,1,1,5,1,0,45,N,,,R,0,0,1,0,O,0,0,1,0,O,,,0,0,IF PARM2+0 <> 0 THEN IMPORTE= PARM2; DATO= PARM1; RETURNûûIMPORTE = PARM1 * SDI@ * 2ûDATO= PARM1,,,1,1,0,1,,,,,
@,@TPG,TOTAL DE PERCEPCION GRAVADA NORMAL,X,NI,0,0,0,0,0,992,N,,,O,0,0,0,0,O,0,0,0,0,O,,,0,0,,Importe =  @SDI * @DA1,,0,0,0,0,,,,,
@,@VAC,VACACIONES  DISFRUTADAS,P,GN,1,1,0,1,0,8,N,,,R,0,0,1,0,O,0,0,1,0,R,,,0,0,"ûIF TIPO_NOM=""AG"" THEN RETURNûIF TIPO_NOM=""VQ"" THEN RETURNûûIF TIPO_NOM = ""RU""  OR TIPO_NOM = ""NE"" THENûIMPORTE = 0ûDATO = 0ûRETURNûENDûûIF PARM2+0 <> 0 and PARM1<17 THEN IMPORTE= PARM2; DATO= PARM1; RETURNûûIMPORTE= (PARM1 * SDI@)+PARM2ûDATO= PARM1",,,1,1,0,1,,,,,
@,VALE,VALE DESPENSA,D,NI,0,0,0,1,0,105,N,,,O,0,0,1,0,O,0,0,1,0,O,,,0,0,"$INSERT AN_EMP_FAMILIARESûPORCENT=0ûLLAVE=NUM_EMPûûCALL IO_READ(REG_FAM,""AN_EMP_FAMILIARES"","""",LLAVE,"""",1,SW_RD)ûPORCENT=REG_FAM<AN_EMP_FAMILIARES.POR_PAR_PA%>/10000ûIF TIPO_NOM=""VQ"" THEN RETURNûûDEDU=0ûûIF PORCENT>0 THENûDEDU=DIPM(""VALX"",""IM"")*PORCENTûEND ELSEû*ORCENT=PARM1ûDEDU=DIPM(""VADP"",""IM"")ûENDûIMPORTE= DIPM(""VALX"",""IM"")-(DEDU)ûDATO=  DIPM(""VALX"",""DA"")",,,1,1,0,1,,,,,
@,@IFL,IMPUESTO LISR ART 179 (FINIQUITOS Y LIQ),X,GN,0,0,0,1,0,931,N,,,O,0,0,0,0,O,0,0,0,0,O,,,0,0,,,,0,0,0,0,,,,,
@,SCSR,SALIDA A COMER SIN REGRESO,D,NI,0,0,0,0,0,610,N,,,O,0,0,0,0,O,0,0,0,0,O,,,0,0,,,,0,1,0,0,,,,,
@,FAHN,FONDO DE AHORRO EMP+CIA,X,NI,0,0,0,0,0,702,N,,,O,0,0,0,0,O,0,0,0,0,O,,,0,0,"Importe = DIPM(""FAHC"",""IM"")+DIPM(""FAHC"",""IM"")",,,0,1,0,1,,,,,
@,HENC,HORA EXTRA NOCTURNA,P,EN,1,,5,1,0,25,N,,,R,0,9,1,0,O,0,0,1,0,O,,,0,0,"IF PARM2+0 <> 0 THEN IMPORTE= PARM2; DATO= PARM1; RETURNûû$INSERT AN_TIPOSûûHRS_DOB= 0ûHRS_EXT= DIPC(""4306"",""TP1"")ûIF HRS_EXT > 0 THENû PERIODICIDAD= REG_TIPO<AN_TIPOS.PERIODICIDAD%>û û BEGIN CASEû  CASE PERIODICIDAD = ""S""; TOPE= 9û  CASE PERIODICIDAD = ""Q""; TOPE= 18û  CASE PERIODICIDAD = ""M""; TOPE= 36û  CASE 1; TOPE= 18û END CASEû û IF HRS_EXT > TOPE THEN HRS_DOB= TOPE ELSE HRS_DOB= HRS_EXTûENDûHRS_DOB+= PARM1ûûIMPORTE= HRS_DOB * SDI@/8 * 2ûDATO= HRS_DOB",,,1,1,0,1,,,,,
@,SUPL,SUPLEMENTO UNICO,P,GN,1,1,0,1,0,270,N,,,R,0,0,1,0,O,0,0,1,0,O,,,0,0,Importe = PARM1ûDato = PARM2,,,0,1,0,1,,,,,
@,BASE,BASE PTU,X,NI,0,0,0,1,0,800,N,,,O,0,0,0,0,O,0,0,0,0,O,,,0,0,,,,0,1,0,0,,,,,
@,DPAL,DEVOLUCIÓN PENSIÓN ALIMNETICIA,P,NI,0,,0,1,0,1,N,,,R,0,0,1,0,O,0,0,0,0,O,,,0,0,IMPORTE=PARM1,,,1,1,0,1,,DPAL,,,
@,CVAL,COMPLEMENTO VALES DE DESPENSA,P,GN,1,1,0,0,0,130,N,,,O,0,0,1,0,O,0,0,1,0,O,,,0,0,,,,0,1,0,0,,,,,
@,TEXN,TIEMPO EXTRA NOCTURNO,P,GN,0,,0,1,0,40,N,,,O,0,0,0,0,O,0,0,0,0,O,,,0,0,"IF PARM1 > 0 THENû   Importe = PARM1ûEND ELSEû CCOSTO = REG_EMP<AN_EMP.CCOSTO%>û  IF TIPO_NOM EQ ""NS"" AND CCOSTO = ""1000000018"" THENû       PNOR = DIPM(""PNOR"",""IM"")û      IMPORTE = PNOR * 0.266667û  ENDûEND ",,,1,1,0,1,,,,,
@,PAL4,PENSION ALIMENTICIA,D,NI,0,0,0,0,0,501,N,,,R,0,0,1,0,O,0,0,0,0,O,,,0,0,"Importe = DIPM(""PNOR"",""IM"")*PARM1/100ûDato = PARM1",,,0,1,0,1,,,,,
@,PAL5,PENSION ALIMENTICIA,D,NI,0,,0,1,0,9999,N,,,R,0,0,1,0,R,0,0,1,0,O,,,0,0,"BASE= SUM(REG_MOVTO<AN_EMP_MOVTOS.IMP_P%>) / 100ûûFONDO=DIPM(""FAHC"",""IM"")+DIPM(""FAOE"",""IM"")+DIPM(""@ISP"",""IM"")+DIPM(""@IMS"",""IM"")+DIPM(""@ILI"",""IM"")+DIPM(""CFAH"",""IM"")+DIPM(""EFAH"",""IM"")+DIPM(""IFAH"",""IM"")ûVALES=DIPM(""VALX"",""IM"")ûûBASE =BASE-FONDO-VALESûûIMPORTE =BASE*PARM1",,,1,1,0,1,,,,,
@,PRIN,PROVISION DE INDEMNIZACION,E,NI,0,0,0,0,0,305,N,,,O,0,0,0,0,O,0,0,0,0,O,,,0,0,"COMMON /CALCULO_VARIO/ REG.VAC, REG.GRA, ANTIG_EMP   ûANOS        = INT(ANTIG_EMP + 0.99) ûDIAS.DER = 20û    SALARIO = REG_EMP<AN_EMP.SAL_INT_FINI%> / 100 û    IMPORTE       = SALARIO * DIAS.DER / 365 * DIAS_PERû    DATO             = DIAS.DER / 365 * DIAS_PER û",,,1,0,0,1,,,,,
@,@GUA,GUARDERIA,E,NI,0,0,0,0,0,659,N,,,O,0,0,0,0,O,0,0,0,0,O,,,0,0,,Importe =  @SFP * @DA1,,0,0,0,0,,,,,
@,PRPV,PROVISION PRIMA VACACIONAL,E,NI,0,0,0,0,0,302,N,,,O,0,0,0,0,O,0,0,0,0,O,,,0,0,"COMMON /CALCULO_VARIO/ REG.VAC, REG.GRA, ANTIG_EMPû$INSERT AN_TAB_VACû$INSERT AN_TIPOSû$INSERT TDIASûû*IF @USERNAME = ""MANAGER_NOM"" THEN DEBUGûûFINIPER_EXT= FECHA(FINIPER,2,""AAAAMMDD"")ûFTERPER_EXT= FECHA(FTERPER,2,""AAAAMMDD"")ûF_INGRESO_EXT= REG_EMP<AN_EMP.F_INGRESO%>ûûFINIMES_EXT= EJ_FISCAL%:FMT(MES_BASE,""R(0)#2""):""01""ûFTERMES_EXT= EJ_FISCAL%:FMT(MES_BASE,""R(0)#2""):TDIAS<MES_BASE>ûûNUM_PER_ACTUAL= REG_TIPO<AN_TIPOS.NUM_PER_ACTUAL%>ûûBEGIN CASEû *aniversario en la quincena actualû CASE ANIVERSARIO(FINIPER_EXT,FTERPER_EXT,F_INGRESO_EXT)û  FLAG_CALCULO= 1; FLAG_AJUSTE= 0û û *aniversario en el mes actual y es la segunda quicenaû CASE ANIVERSARIO(FINIMES_EXT,FTERMES_EXT,F_INGRESO_EXT) AND MOD(NUM_PER_ACTUAL,2) = 0û  FLAG_CALCULO= 0; FLAG_AJUSTE= 0û  û CASE 1û  FLAG_CALCULO= 1; FLAG_AJUSTE= 1ûEND CASEûû*calculaûIF FLAG_CALCULO = 0 THEN RETURNûûANOS= INT(ANTIG_EMP + 0.99)ûLOCATE ANOS IN REG.VAC<AN_TAB_VAC.ANOS%> BY ""AR"" USING @VM SETTING PP ELSE PP-=1ûIF PP = 0 THEN PP= 1ûDIAS_PVA= REG.VAC<AN_TAB_VAC.DIAS_SOBRE%,PP>ûPORC_PVA= REG.VAC<AN_TAB_VAC.PRIMA%,PP> / 100ûSALARIO = SDI@ûûFACTOR_DIARIO= DIAS_PVA / 365 * PORC_PVAûDIASI=DIAS_PERûIMPORTE= SALARIO * FACTOR_DIARIO * DIAS_PERûDATO= FACTOR_DIARIO * DIAS_PERû*IF @USERNAME = ""MANAGER_NOM"" THEN DEBUGûû*ajustaûIF FLAG_AJUSTE = 0 THEN RETURNûûFLAG_2018= 0ûF_ANIV_EXT= EJ_FISCAL%:F_INGRESO_EXT[5,4]ûûPER_DESDE= F_ANIV_EXT[1,6]ûûIF F_ANIV_EXT > FTERPER_EXT THENû F_ANIV_EXT= EJ_FISCAL%-1:F_INGRESO_EXT[5,4]û û IF EJ_FISCAL% = 2018 THENû  F_ANIV_EXT= EJ_FISCAL%:""0101""û  PER_DESDE= EJ_FISCAL%:""01""û  FLAG_2018= 1û ENDûENDûûIF FLAG_2018 = 0 AND ANOS > 1 THENû IF F_ANIV_EXT[5,2] = 12 THENû  PER_DESDE= F_ANIV_EXT[1,4]+1:""01""û END ELSEû  PER_DESDE= F_ANIV_EXT[1,4]:FMT(F_ANIV_EXT[5,2]+1,""R(0)#2"")û ENDûENDûûF_ANIV_INT= FECHA(F_ANIV_EXT,1,""AAAAMMDD"")ûDIAS_ACUM= FTERPER - F_ANIV_INT + 1ûûIMP_CALCULO= SALARIO * FACTOR_DIARIO * DIAS_ACUMûûIMP_ACUM= DIPA(CLV_DIP, ""IM"", PER_DESDE, EJ_FISCAL%:MES_BASE) + IMPORTEûIMP_AJUSTE= IMP_CALCULO - IMP_ACUMûIMPORTE += IMP_AJUSTE",,,1,0,0,1,,,,,
@,@IPE,IMPUESTO PERC EXTRAORDINARIAS (ART86),X,NI,0,0,0,0,0,901,N,,,O,0,0,0,0,O,0,0,0,0,O,,,0,0,,Importe =  @SDI / 8 * @DA1 * 2,,0,0,0,0,,,,,
@,@CEO,CUOTA OBRERA ENF Y MAT PREST ESPECIE,X,NI,0,0,0,0,0,652,N,,,O,0,0,0,0,O,0,0,0,0,O,,,0,0,"DECLARE FUNCTION GET_SALHIS, GET_KARDEXûûIF PARM2 NE """" AND PARM2 NE 0 THEN IMPORTE= PARM2; DATO= PARM1; RETURNûûFINIPER_EXT =  FECHA(FINIPER,2,""AAAAMMDD"")ûCALL TABLAS_IMSS(CLV_DIP, ZONA_ECO, FINIPER_EXT, PORCENTAJE, IMP_TOPE, IMP_TOPE_EXE, FALTAS,INCAPACIDADES, STATUS)ûDIAS= DIAS_PER+DIPM(""DADI"",""DA"")ûûNUM_FALTAS= 0ûFALTAS_MES= 0ûLOCATE ""####"" IN FALTAS USING @VM SETTING POS.RESTA ELSE POS.RESTA-=1ûFOR II= 1 TO POS.RESTAû NUM_FALTAS+= DIPC(FALTAS<1,II>,""TP1"")û FALTAS_MES+= DIPA(FALTAS<1,II>,""DA"",EJ_FISCAL%:MES_BASE,EJ_FISCAL%:MES_BASE)ûNEXT IIûûFECHADEALTA = REG_EMP<AN_EMP.F_INGRESO%>ûIF GET_SALHIS(NUM_EMP,FINIPER,""SDI"") <> GET_SALHIS(NUM_EMP,FTERPER,""SDI"") AND FINIPER_EXT<=FECHADEALTA THENû ARRAY_INCA= GET_KARDEX(NUM_EMP,FINIPER,FTERPER,""IN"")û ARRAY_FALT= GET_KARDEX(NUM_EMP,FINIPER,FTERPER,""FA"")û FOR FECHA_INT= FINIPER TO FTERPERû  FLAG= 1û  LOCATE FECHA_INT IN ARRAY_INCA<3> USING @VM SETTING POS1 THEN FLAG= 0û  IF FALTAS_MES < 7 THENû   LOCATE FECHA_INT IN ARRAY_FALT<3> USING @VM SETTING POS1 THEN FLAG= 0; FALTAS_MES+= 1û  ENDû  IF FLAG THENû   SDI= GET_SALHIS(NUM_EMP,FECHA_INT,""SDI"")û   IF SDI > IMP_TOPE THEN SDI= IMP_TOPEû   BASE= SDI - IMP_TOPE_EXEû   IF BASE < 0 THEN BASE= 0û   IMPORTE+= BASE * PORCENTAJEû   DATO+= 1û  ENDû NEXT FECHA_INTûEND ELSEûû DIAS.IMSS= DIPC(""@IMS"",""TP1"")ûû IF DIAS.IMSS > 0 THEN DIAS= DIAS.IMSSûû LOCATE ""####"" IN INCAPACIDADES USING @VM SETTING POS.RESTA ELSE POS.RESTA-=1û FOR II= 1 TO POS.RESTAû  RESTA= DIPC(INCAPACIDADES<1,II>,""TP1"")û  DIAS= DIAS - RESTAû NEXT IIû û IF FALTAS_MES >= 7 THENû  NUM_FALTAS= 0û END ELSEû  IF FALTAS_MES + NUM_FALTAS > 7 THENû   NUM_FALTAS= 7 - FALTAS_MESû  ENDû ENDû DIAS-= NUM_FALTASû                IF DIAS<0 THEN DIAS=0û IF SIN@ > IMP_TOPE THEN  SDI= IMP_TOPE ELSE SDI = SIN@ûû BASE= (SDI - IMP_TOPE_EXE)û IF BASE < 0 THEN BASE= 0ûû IMPORTE= BASE * PORCENTAJE * DIASû DATO= DIASûEND",,,1,0,0,1,,,,,
@,SUBE,SUBSIDIO INCAPACIDAD IMSS,P,EX,1,0,0,1,0,650,N,,,O,0,0,1,0,O,0,0,1,0,O,,,0,0,"DECLARE FUNCTION GET_PERIODOûûIF @USERNAME = ""MANAGER_NOM"" THEN DEBUGûûIF PARM2+0 <> 0 THEN IMPORTE= PARM2; DATO= PARM1; RETURNûûFECHA= FINIPER;  GOSUB GET_FLAG; FLAG_ACT= FLAGûFECHA= FINIPER-1; GOSUB GET_FLAG; FLAG_ANT= FLAGûû*si hay incapacidad desde el primer día del período y *hay incapacidad el día inmediato anteriorûIF FLAG_ACT AND FLAG_ANT THENû *recorrer desde fecha fin de perido anterior hasta fecha inicio de período anterior o hasta que no haya incapacidadû FECHA= FINIPER; DIAS_INCA= 0û FINIPER_ANT= GET_PERIODO(FINIPER-1, TNOM)<3,1>û Loopû  FECHA-= 1; GOSUB GET_FLAGû WHILE FLAG AND FECHA >= FINIPER_ANTû  DIAS_INCA+= 1û Repeatû û *si los días de incapacidad continuos del periodo anteior < 3 thenû IF DIAS_INCA > 0 AND DIAS_INCA < 3 THENû  *recorrer finiper to fterper o hasta que no haya incapacidadesû  FECHA= FINIPER; DIAS_INCA= 0û  Loopû   GOSUB GET_FLAGû   FECHA+= 1û  WHILE FLAG AND FECHA <= FTERPERû   DIAS_INCA+= 1û  Repeatû  û  *sumar dias.inca.ant a la incapacidad actual y pagar subsidio topado a 3 díasû  IF DIAS_INCA > 3 THEN DIAS_INCA= 3û  û  *si fhasta.inca < fterperû  IF FECHA < FTERPER THENû   *recorrer fhasta.inca to fterper o hasta que no haya incapacidadesû   DIAS_INCA2= 0û   Loopû    GOSUB GET_FLAGû    FECHA+= 1û   WHILE FLAG AND FECHA <= FTERPERû    DIAS_INCA2+= 1û   Repeatû   û   *pagar subsidio topado a 3 díasû   IF DIAS_INCA2 > 3 THEN DIAS_INCA2= 3û   DIAS_INCA+= DIAS_INCA2û  ENDû END ELSEû  DIAS_INCA= 0û ENDûEND ELSEû DIAS_INCA= DIPM(""INCE"",""DA"") + DIPM(""INCS"",""DA"")û IF DIAS_INCA > 3 THEN DIAS_INCA= 3ûENDûûIF PARM1+0 <> 0 THEN DIAS_INCA= PARM1ûûIMPORTE= DIAS_INCA* SDI@ûDATO= DIAS_INCAû ûRETURNûû*********ûGET_FLAG:û*********û IF GET_KARDEX(NUM_EMP,FECHA,FECHA,""IN"")<1,1> = ""EI"" OR GET_KARDEX(NUM_EMP,FECHA,FECHA,""IN"")<1,1> = ""ES"" THEN FLAG= 1 ELSE FLAG= 0ûRETURN",,,1,1,0,1,,,,,
@,PAL1,PENSION ALIMENTICIA,D,NI,0,0,0,0,0,692,N,,,R,0,0,1,0,O,0,0,0,0,O,,,0,0,"IF PARM2+0 <> 0 THEN IMPORTE= PARM2; DATO= PARM1; RETURNûûIF @USERNAME = ""MANAGER_NOM"" THEN DEBUGûûBASE= SUM(REG_MOVTO<AN_EMP_MOVTOS.IMP_P%>) / 100ûûFINIPER_EXT= FECHA(FINIPER,2,""AAAAMMDD"")ûCALL TABLAS_IMSS(""@IMS"", ZONA_ECO, FINIPER_EXT, PORCENTAJE, IMP_TOPE, IMP_TOPE_EXE, FALTAS,INCAPACIDADES, STATUS)ûFOR CONT1= 1 TO COUNT(FALTAS, @VM) + 1û BASE-= DIPM(FALTAS<1,CONT1>, ""IM"")ûNEXT CONT1ûFOR CONT1= 1 TO COUNT(INCAPACIDADES, @VM) + 1û BASE-= DIPM(INCAPACIDADES<1,CONT1>, ""IM"")ûNEXT CONT1ûûBASE-= DIPM(""@ISP"",""IM"")ûBASE-= DIPM(""@IMS"",""IM"")ûBASE-= DIPM(""DPIS"",""IM"")ûBASE-= DIPM(""DPIE"",""IM"")ûBASE-= DIPM(""DPIF"",""IM"")ûBASE-= DIPM(""FONA"",""IM"")ûBASE-= DIPM(""SDIN"",""IM"")û*BASE-= DIPM(""CFAH"",""IM"")ûBASE-= DIPM(""EFAH"",""IM"")ûBASE-= DIPM(""IFAH"",""IM"")/2ûBASE-= DIPM(""VALX"",""IM"")ûûIMPORTE= BASE * PARM1 / 100ûDATO= PARM1",,,1,1,0,1,,,,,
@,LIQU,INDEMNIZACION 20 DIAS POR ANO,P,FI,0,0,0,1,0,220,N,,,R,0,0,1,0,O,0,0,1,0,O,,,0,0,ûSAL= REG_EMP<AN_EMP.SAL_INT_FINI%>/100ûIF PARM2+0 > 1 THEN SAL=PARM2ûûIMPORTE=SAL*PARM1ûDATO= PARM1,,,1,1,0,1,,,,,
@,VIAG,VIATICOS GRAVABLES,P,GN,0,,0,1,0,1,N,,,R,0,0,1,0,O,0,0,0,0,O,,,0,0,Importe = PARM1,,,0,1,0,1,,,,,
@,RPTU,REPARTO DE UTILIDADES 2024,P,EE,0,,15,1,0,100,N,,,O,0,0,1,0,O,0,0,1,0,O,,,0,0,Importe = PARM1,,,0,1,0,1,,RPTU,,,
@,DPIS,DESC PRESTAMO INFONAVIT SM,D,NI,0,0,0,0,0,688,N,,,R,0,0,1,0,O,0,0,1,0,O,,,0,0,"IF PARM2 NE """" AND PARM2 NE 0 THEN IMPORTE= PARM2; DATO= PARM1; RETURNûû$INSERT TDIASû$INSERT AN_INFONAVITûûBIM_ACT= INT(MES_BASE/2+.9)ûMES_FIN= BIM_ACT*2ûDIAS= TDIAS<MES_FIN-1>+TDIAS<MES_FIN>ûûFINIPER_EXT= FECHA(FINIPER,2,""AAAAMMDD"")ûSAL.MIN.DF  = SALARIOMINIMO(""IN"",FINIPER_EXT)ûû*Se calculan los dias laboradosûCALL IO_READ(REG_INFO,""AN_INFONAVIT"","""",NUM_EMP,"""",1,STATUS)ûF_INICIO_EXT= REG_INFO<AN_INFONAVIT.F_INI_CRED%>ûF_INICIO_INT= FECHA(F_INICIO_EXT,1,""AAAAMMDD"")ûûBEGIN CASEû CASE F_INICIO_INT > FTERPERû  DIAS.TRABAJADOS= 0û  RETURNû û CASE F_INICIO_INT > FINIPERû  DIAS.TRABAJADOS= FTERPER - F_INICIO_INT + 1û  FDINT= F_INICIO_INTû  û CASE F_INICIO_INT <= FINIPERû  *DIAS.TRABAJADOS= DIPM(""PNOR"",""DA"") + DIPM(""@VAC"",""DA"") + DIPM(""SDIA"",""DA"")û  DIAS.TRABAJADOS= DIAS_PERû  FDINT= FINIPERûEND CASEûû*10-ago-15 *rvz modif para no descontar permisos con goceûNUM_FALTAS= 0ûARRAY_FALT= GET_KARDEX(NUM_EMP,FDINT,FTERPER,""FA"")ûFOR CONT1= 1 TO COUNT(ARRAY_FALT<1>, @VM)+1û IF ARRAY_FALT<1, CONT1> <> """" AND  ARRAY_FALT<1, CONT1>[1,1] <> ""G"" THEN NUM_FALTAS+= 1ûNEXT CONT1û*ûARRAY_FALT= GET_KARDEX(NUM_EMP,FDINT,FTERPER,""PS"")ûFOR CONT1= 1 TO COUNT(ARRAY_FALT<1>, @VM)+1û IF ARRAY_FALT<1, CONT1> <> """" AND  ARRAY_FALT<1, CONT1>[1,1] <> ""G"" THEN NUM_FALTAS+= 1ûNEXT CONT1ûûûFALTAS_MES= 0ûARRAY_FALT= GET_KARDEX(NUM_EMP,EJ_FISCAL%:FMT(MES_BASE, ""R(0)#2""):""01"",FINIPER,""FA"")ûFOR CONT1= 1 TO COUNT(ARRAY_FALT<1>, @VM)+1û IF ARRAY_FALT<1, CONT1> <> """" AND  ARRAY_FALT<1, CONT1>[1,1] <> ""G"" THEN FALTAS_MES+= 1ûNEXT CONT1û*ûûIF FALTAS_MES >= 7 THENû NUM_FALTAS= 0ûEND ELSEû IF FALTAS_MES + NUM_FALTAS > 7 THENû  NUM_FALTAS= 7 - FALTAS_MESû ENDûENDûnum_faltas = 0ûDIAS.TRABAJADOS-= NUM_FALTASûû*DIAS.TRABAJADOS-= GET_KARDEX(NUM_EMP,FDINT,FTERPER,""IN"")<4>ûûIMPORTE= PARM1/100 * SAL.MIN.DF * 2 / DIAS * DIAS.TRABAJADOSûLOCATE ""SDPI"" IN REG_EMP_INCI<AN_EMP_INCI.CLV_DIP%> USING @VM SETTING POS THENû   REG_EMP_INCI<AN_EMP_INCI.PARAM1%,POS> = IMPORTE * 100ûENDûû*DATO= PARM1û",,,1,1,0,1,,,,,
@,VIAT,VIATICOS ENTREGADOS,P,GN,0,,0,1,0,1,N,,,R,0,0,1,0,O,0,0,0,0,O,,,0,0,Importe = PARM1,,,0,1,0,1,,,,,
@,INCM,INCAPACIDAD POR MATERNIDAD POSNATAL,D,GN,1,0,0,1,0,624,N,,,O,0,0,1,0,O,0,0,1,0,O,,,0,0,"IF PARM2 NE """" AND PARM2 NE 0 THEN IMPORTE= PARM2; DATO= PARM1; RETURNûû$INSERT AN_TIPOSûû*obtiene ausentismoûDIAS_AUSE= 0ûFINIPER_EXT=  FECHA(FINIPER,2,""AAAAMMDD"")ûCALL TABLAS_IMSS(""@IMS"", ZONA_ECO, FINIPER_EXT, PORCENTAJE, IMP_TOPE, IMP_TOPE_EXE, FALTAS,INCAPACIDADES, STATUS)ûFOR CONT1= 1 TO COUNT(FALTAS, @VM) + 1û DIAS_AUSE+= DIPM(FALTAS<1,CONT1>, ""DA"")ûNEXT CONT1ûFOR CONT1= 1 TO COUNT(INCAPACIDADES, @VM) + 1û DIAS_AUSE+= DIPM(INCAPACIDADES<1,CONT1>, ""DA"")ûNEXT CONT1ûûIF REG_TIPO<AN_TIPOS.PERIODICIDAD%> = ""S"" THENû DIAS_JOR= DIAS_PERû û DIAS_DISP= DIAS_JOR - DIAS_AUSEû IF DIAS_DISP <= 0 THEN DIAS_DISP= 0û IF PARM1 > DIAS_DISP THEN DIAS_DESC= DIAS_DISP ELSE DIAS_DESC= PARM1û û FACTOR= 7/6ûEND ELSEû DIAS_PAGA= DIPM(""PNOR"",""DA"") + DIPM(""@VAC"",""DA"")+ DIPM(""PINC"",""DA"")û DIAS_DISP= DIAS_PAGA - DIAS_AUSEû û IF DIAS_DISP <= 0 THEN DIAS_DISP= 0û IF PARM1 > DIAS_DISP THEN DIAS_DESC= DIAS_DISP ELSE DIAS_DESC= PARM1ûû FACTOR= 1ûENDûûIMPORTE= SDI@*DIAS_DESC*FACTORûDATO= DIAS_DESC",,,1,1,0,1,,,,,
@,CSIN,CUOTA SINDICAL,D,NI,0,0,0,1,0,760,N,,,O,0,0,1,0,O,0,0,1,0,O,,,0,0,"*Por excepción acepta un importe en parámetro dos y ya no ejecuta fórmulaûIF PARM2 NE """" AND PARM2 NE 0 THEN IMPORTE= PARM2; DATO= PARM1; RETURNûû$INSERT AN_TIPOSûûPERIODICIDAD= REG_TIPO<AN_TIPOS.PERIODICIDAD%>ûIF PERIODICIDAD <> ""S"" THEN RETURNûû*Se calculan los dias trabajadosûIF PARM1 NE 0 AND PARM1 NE """" THENû DIAS_TRA= PARM1ûEND ELSEû DIAS_TRA= DIPM(""PNOR"",""DA"") + DIPM(""@VAC"",""DA"") + DIPM(""SDIA"",""DA"")ûENDûû*obtiene ausentismoûDIAS_AUSE= 0ûFINIPER_EXT=  FECHA(FINIPER,2,""AAAAMMDD"")ûCALL TABLAS_IMSS(""@IMS"", ZONA_ECO, FINIPER_EXT, PORCENTAJE, IMP_TOPE, IMP_TOPE_EXE, FALTAS,INCAPACIDADES, STATUS)ûFOR CONT1= 1 TO COUNT(FALTAS, @VM) + 1û DIAS_AUSE+= DIPC(FALTAS<1,CONT1>, ""TP1"")ûNEXT CONT1ûFOR CONT1= 1 TO COUNT(INCAPACIDADES, @VM) + 1û DIAS_AUSE+= DIPC(INCAPACIDADES<1,CONT1>, ""TP1"")ûNEXT CONT1ûûIF PERIODICIDAD = ""S"" THEN DIAS_AUSE= DIAS_AUSE * 7/(HRT@/HRD@)ûDIAS_TRA-= DIAS_AUSEûIF DIAS_TRA < 0 THEN DIAS_TRA= 0ûûIMPORTE= SDI@*DIAS_TRA*2/100ûDATO= DIAS_TRA",,,1,1,0,1,,,,,
@,PAL2,PENSION ALIMENTICIA,D,NI,0,0,0,0,0,693,N,,,R,0,0,1,0,O,0,0,0,0,O,,,0,0,"IF PARM2+0 <> 0 THEN IMPORTE= PARM2; DATO= PARM1; RETURNûûBASE= SUM(REG_MOVTO<AN_EMP_MOVTOS.IMP_P%>) / 100ûûFINIPER_EXT= FECHA(FINIPER,2,""AAAAMMDD"")ûCALL TABLAS_IMSS(""@IMS"", ZONA_ECO, FINIPER_EXT, PORCENTAJE, IMP_TOPE, IMP_TOPE_EXE, FALTAS,INCAPACIDADES, STATUS)ûFOR CONT1= 1 TO COUNT(FALTAS, @VM) + 1û BASE-= DIPM(FALTAS<1,CONT1>, ""IM"")ûNEXT CONT1ûFOR CONT1= 1 TO COUNT(INCAPACIDADES, @VM) + 1û BASE-= DIPM(INCAPACIDADES<1,CONT1>, ""IM"")ûNEXT CONT1ûûIMPORTE= BASE * PARM1 / 100û*DATO= PARM1",,,1,1,0,1,,,,,
@,@SEA,SUBSIDIO PARA EL EMPLEO ACREDITADO,X,NI,0,0,0,1,0,972,N,,,O,0,0,1,0,O,0,0,1,0,O,,,0,0,"IMPORTE= DIPM(""@SEC"",""IM"")ûûIF DIPM(""@ISR"",""IM"") < DIPM(""@SEC"",""IM"") THEN IMPORTE= DIPM(""@ISR"",""IM"")",,,1,1,0,1,,,,,
@,@EXE,TOTAL DE PERCEPCION EXENTA,X,NI,0,0,0,0,0,990,N,,S,O,0,0,0,0,O,0,0,0,0,O,,,0,0,,,,0,0,0,0,,,,,
@,PRAN,PRIMA DE ANTIGUEDAD,P,FI,0,1,0,1,0,210,N,,,R,0,0,1,0,O,0,0,1,0,O,,,0,0,SAL=REG_EMP<AN_EMP.SAL_INT_FINI%>ûûIF SAL>278.80*2 THEN SAL=278.80*2ûûImporte = PARM2*SALûDato = PARM2,,,1,1,0,1,,,,,
@,@BGF,BASE GRAVADA FINIQUITOS Y LIQUIDACIONES,X,NI,0,0,0,1,0,930,N,,,O,0,0,0,0,O,0,0,0,0,O,,,0,0,,,,0,0,0,0,,,,,
@,DPIE,DCTO PRES INFONAVIT(POR % FIJO),D,NI,0,0,0,0,0,687,N,,,R,0,0,1,0,O,0,0,1,0,O,,,0,0,"/*ûOPEN HR v.7. Ricardo Vivas ZuñigaûObjetivo: Calcula Crédito INFONAVIT en PorcentajeûMecánica:û-Toma como base los dias del periodoû-Resta el ausentismo declarado en @IMS (Parámetros IMSS)û-Calcula importeû-Suma Seguro de Daaños de INFONAVITû*/ûûIF PARM2 NE """" AND PARM2 NE 0 THEN IMPORTE= PARM2; DATO= PARM1; RETURNûû*IF @USERNAME = ""MANAGER_NOM"" THEN DEBUGûû$INSERT AN_TIPOSû$INSERT AN_INFONAVITûû*Se calculan los dias laboradosûCALL IO_READ(REG_INFO,""AN_INFONAVIT"","""",NUM_EMP,"""",1,STATUS)û*IF AN_INFONAVIT<12>=1 THENûF_INICIO_EXT= REG_INFO<AN_INFONAVIT.F_INI_CRED%>ûF_INICIO_INT= FECHA(F_INICIO_EXT,1,""AAAAMMDD"")ûûFDINT= FINIPERûBEGIN CASEû CASE F_INICIO_INT > FTERPERû  DIAS_TRA= 0û  RETURNû û CASE F_INICIO_INT > FINIPERû  DIAS_TRA= FTERMINO_INT - F_INICIO_INT + 1û  FDINT= F_INICIO_INTû  û CASE F_INICIO_INT <= FINIPERû  DIAS_TRA= DIAS_PERûEND CASEûû*10-ago-15 *rvz modif para no descontar permisos con goceûNUM_FALTAS= 0ûARRAY_FALT= GET_KARDEX(NUM_EMP,FDINT,FTERPER,""FA"")û*DEBUGûFOR CONT1= 1 TO COUNT(ARRAY_FALT<1>, @VM)+1û IF ARRAY_FALT<1, CONT1> <> """" AND  ARRAY_FALT<1, CONT1>[1,1] <> ""G"" THEN NUM_FALTAS+= 1ûNEXT CONT1û*ûARRAY_FALT= GET_KARDEX(NUM_EMP,FDINT,FTERPER,""PS"")ûFOR CONT1= 1 TO COUNT(ARRAY_FALT<1>, @VM)+1û IF ARRAY_FALT<1, CONT1> <> """" AND  ARRAY_FALT<1, CONT1>[1,1] <> ""G"" THEN NUM_FALTAS+= 1ûNEXT CONT1û*ûARRAY_FALT= GET_KARDEX(NUM_EMP,FDINT,FTERPER,""SU"")ûûFOR CONT1= 1 TO COUNT(ARRAY_FALT<1>, @VM)+1û IF ARRAY_FALT<1, CONT1> <> """" AND  ARRAY_FALT<1, CONT1>[1,1] <> ""G"" THEN NUM_FALTAS+= 1ûNEXT CONT1û*ûûFALTAS_MES= 0ûARRAY_FALT= GET_KARDEX(NUM_EMP,EJ_FISCAL%:FMT(MES_BASE, ""R(0)#2""):""01"",FTERPER,""FA"")ûûFOR CONT1= 1 TO COUNT(ARRAY_FALT<1>, @VM)+1û IF ARRAY_FALT<1, CONT1> <> """" AND  ARRAY_FALT<1, CONT1>[1,1] <> ""G"" THEN FALTAS_MES+= 1ûNEXT CONT1û*ûûIF FALTAS_MES >= 7 THENû NUM_FALTAS= 0ûEND ELSEû IF FALTAS_MES + NUM_FALTAS > 7 THENû  NUM_FALTAS= 7 - FALTAS_MESû ENDûENDûDIAS_TRA-= NUM_FALTASûû*DIAS_TRA-= GET_KARDEX(NUM_EMP,FDINT,FTERPER,""IN"")<4>û**ûDIAS.TRABAJADOS= DIAS_PERû**ûû*12-MAR-2013 *RVZ Ajuste para calcular con sal.vigenteûIF GET_SALHIS(NUM_EMP,FDINT,""SDI"") <> GET_SALHIS(NUM_EMP,FTERPER,""SDI"") THENû ARRAY_INCA= GET_KARDEX(NUM_EMP,FDINT,FTERPER,""IN"")û ARRAY_FALT= GET_KARDEX(NUM_EMP,FDINT,FTERPER,""FA"")û FOR FECHA_INT= FDINT TO FTERPERû  FLAG= 1û  LOCATE FECHA_INT IN ARRAY_INCA<3> USING @VM SETTING POS1 THEN FLAG= 0û  IF FALTAS_MES < 7 THENû   LOCATE FECHA_INT IN ARRAY_FALT<3> USING @VM SETTING POS1 THENû    IF ARRAY_FALT<1,POS1>[1,1] <> ""G"" THEN FLAG= 0; FALTAS_MES+= 1û   ENDû  ENDû  IF FLAG THENû   SDI= GET_SALHIS(NUM_EMP,FECHA_INT,""SDI"")û   IMPORTE+= SIN@ * PARM1/100û                                                LOCATE ""SDPI"" IN REG_EMP_INCI<AN_EMP_INCI.CLV_DIP%> USING @VM SETTING POS THENû                                                          REG_EMP_INCI<AN_EMP_INCI.PARAM1%,POS> = IMPORTE * 100û                                                ENDû  ENDû NEXT FECHA_INTûEND ELSEû IMPORTE= DIAS_TRA * SIN@ * PARM1/100û                LOCATE ""SDPI"" IN REG_EMP_INCI<AN_EMP_INCI.CLV_DIP%> USING @VM SETTING POS THENû                          REG_EMP_INCI<AN_EMP_INCI.PARAM1%,POS> = IMPORTE * 100û                ENDûûENDûDATO= DIAS_TRAû*END",,,1,1,0,1,,,,,
@,VIAD,VIATICOS COMPROBADOS DEDUCIBLES,P,EX,0,,0,1,0,1,N,,,R,0,0,1,0,O,0,0,0,0,O,,,0,0,Importe = PARM1,,,0,1,0,1,,,,,
@,PAL3,PENSION ALIMENTICIA,D,NI,0,0,0,0,0,501,N,,,R,0,0,1,0,O,0,0,0,0,O,,,0,0,Importe = PARM1,,,0,1,0,1,,,,,
@,COVD,COMISION DISPERSION DESPENSA,E,NI,0,,0,0,0,999,N,,,O,0,0,0,0,O,0,0,0,0,O,,,0,0,"IMPORTE=DIPM(""VALX"",""IM"")*0.058ûûIMPORTE=DIPM(""VADA"",""IM"")*0.058ûû",,,1,1,0,1,,COVD,,,
@,RTPV,RETROACTIVO PRIMA VACACIONAL,P,GN,1,,0,0,0,10,N,,,O,0,0,1,0,O,0,0,0,0,O,,,0,0,IMPORTE=PARM1,,,1,1,0,1,,RTPV,,,
@,PATA,PATERNIDAD ALLIANZ,P,GN,0,,0,0,0,5,N,,,O,0,0,1,0,O,0,0,1,0,O,,,0,0,IMPORTE=PARM1*SDI@ûDATO=PARM1,,,1,1,0,1,,PATA,,,
@,PRCA,PRESTAMO CAJA DE AHORRO,D,NI,0,,0,0,1,714,N,,,O,0,0,1,0,R,0,0,1,0,O,,,0,0,Importe = PARM1ûDato = PARM2,,,1,1,0,1,,,,,
@,@PEO,CUOTA OBRERA  PREST EN DINERO,X,NI,0,0,0,0,0,655,N,,,O,0,0,0,0,O,0,0,0,0,O,,,0,0,"DECLARE FUNCTION GET_SALHIS, GET_KARDEXûûIF PARM2 NE """" AND PARM2 NE 0 THEN IMPORTE= PARM2; DATO= PARM1; RETURNûûFINIPER_EXT =  FECHA(FINIPER,2,""AAAAMMDD"")ûCALL TABLAS_IMSS(CLV_DIP, ZONA_ECO, FINIPER_EXT, PORCENTAJE, IMP_TOPE, IMP_TOPE_EXE, FALTAS,INCAPACIDADES, STATUS)ûDIAS= DIAS_PER+DIPM(""DADI"",""DA"")ûûNUM_FALTAS= 0ûFALTAS_MES= 0ûLOCATE ""####"" IN FALTAS USING @VM SETTING POS.RESTA ELSE POS.RESTA-=1ûFOR II= 1 TO POS.RESTAû NUM_FALTAS+= DIPC(FALTAS<1,II>,""TP1"")û FALTAS_MES+= DIPA(FALTAS<1,II>,""DA"",EJ_FISCAL%:MES_BASE,EJ_FISCAL%:MES_BASE)ûNEXT IIûûFECHADEALTA = REG_EMP<AN_EMP.F_INGRESO%>ûIF GET_SALHIS(NUM_EMP,FINIPER,""SDI"") <> GET_SALHIS(NUM_EMP,FTERPER,""SDI"") AND FINIPER_EXT<=FECHADEALTA THENû ARRAY_INCA= GET_KARDEX(NUM_EMP,FINIPER,FTERPER,""IN"")û ARRAY_FALT= GET_KARDEX(NUM_EMP,FINIPER,FTERPER,""FA"")û FOR FECHA_INT= FINIPER TO FTERPERû  FLAG= 1û  LOCATE FECHA_INT IN ARRAY_INCA<3> USING @VM SETTING POS1 THEN FLAG= 0û  IF FALTAS_MES < 7 THENû   LOCATE FECHA_INT IN ARRAY_FALT<3> USING @VM SETTING POS1 THEN FLAG= 0; FALTAS_MES+= 1û  ENDû  IF FLAG THENû   SDI= GET_SALHIS(NUM_EMP,FECHA_INT,""SDI"")û   IF SDI > IMP_TOPE THEN SDI= IMP_TOPEû   BASE= SDI - IMP_TOPE_EXEû   IF BASE < 0 THEN BASE= 0û   IMPORTE+= BASE * PORCENTAJEû   DATO+= 1û  ENDû NEXT FECHA_INTûEND ELSEûû DIAS.IMSS= DIPC(""@IMS"",""TP1"")ûû IF DIAS.IMSS > 0 THEN DIAS= DIAS.IMSSûû LOCATE ""####"" IN INCAPACIDADES USING @VM SETTING POS.RESTA ELSE POS.RESTA-=1û FOR II= 1 TO POS.RESTAû  RESTA= DIPC(INCAPACIDADES<1,II>,""TP1"")û  DIAS= DIAS - RESTAû NEXT IIû û IF FALTAS_MES >= 7 THENû  NUM_FALTAS= 0û END ELSEû  IF FALTAS_MES + NUM_FALTAS > 7 THENû   NUM_FALTAS= 7 - FALTAS_MESû  ENDû ENDû DIAS-= NUM_FALTASû                IF DIAS<0 THEN DIAS=0û IF SIN@ > IMP_TOPE THEN  SDI= IMP_TOPE ELSE SDI = SIN@ûû BASE= (SDI - IMP_TOPE_EXE)û IF BASE < 0 THEN BASE= 0ûû IMPORTE= BASE * PORCENTAJE * DIASû DATO= DIASûENDû",,,1,0,0,1,,,,,
@,COME,DESCUENTO COMEDOR,D,NI,0,0,0,1,0,730,N,,,O,0,0,1,0,O,0,0,1,0,O,,,0,0,"IF PARM2 NE """" AND PARM2 NE 0 THEN IMPORTE= PARM2; DATO= PARM1; RETURNûûFINIPER_EXT= FECHA(FINIPER,2,""AAAAMMDD"")ûSAL.MIN.DF  = SALARIOMINIMO(""DF"",FINIPER_EXT)ûûIMPORTE= PARM1 * SAL.MIN.DF * 20 / 100ûDATO= PARM1",,,1,1,0,1,,,,,
@,@PEP,CUOTA PATRONAL PREST EN DINERO,X,NI,0,0,0,0,0,655,N,,,O,0,0,0,0,O,0,0,0,0,O,,,0,0,"DECLARE FUNCTION GET_SALHIS, GET_KARDEXûûIF PARM2 NE """" AND PARM2 NE 0 THEN IMPORTE= PARM2; DATO= PARM1; RETURNûûFINIPER_EXT =  FECHA(FINIPER,2,""AAAAMMDD"")ûCALL TABLAS_IMSS(CLV_DIP, ZONA_ECO, FINIPER_EXT, PORCENTAJE, IMP_TOPE, IMP_TOPE_EXE, FALTAS,INCAPACIDADES, STATUS)ûDIAS= DIAS_PER+DIPM(""DADI"",""DA"")ûûNUM_FALTAS= 0ûFALTAS_MES= 0ûLOCATE ""####"" IN FALTAS USING @VM SETTING POS.RESTA ELSE POS.RESTA-=1ûFOR II= 1 TO POS.RESTAû NUM_FALTAS+= DIPC(FALTAS<1,II>,""TP1"")û FALTAS_MES+= DIPA(FALTAS<1,II>,""DA"",EJ_FISCAL%:MES_BASE,EJ_FISCAL%:MES_BASE)ûNEXT IIûûIF GET_SALHIS(NUM_EMP,FINIPER,""SDI"") <> GET_SALHIS(NUM_EMP,FTERPER,""SDI"") THENû ARRAY_INCA= GET_KARDEX(NUM_EMP,FINIPER,FTERPER,""IN"")û ARRAY_FALT= GET_KARDEX(NUM_EMP,FINIPER,FTERPER,""FA"")û FOR FECHA_INT= FINIPER TO FTERPERû  FLAG= 1û  LOCATE FECHA_INT IN ARRAY_INCA<3> USING @VM SETTING POS1 THEN FLAG= 0û  IF FALTAS_MES < 7 THENû   LOCATE FECHA_INT IN ARRAY_FALT<3> USING @VM SETTING POS1 THEN FLAG= 0; FALTAS_MES+= 1û  ENDû  IF FLAG THENû   SDI= GET_SALHIS(NUM_EMP,FECHA_INT,""SDI"")û   IF SDI > IMP_TOPE THEN SDI= IMP_TOPEû   BASE= SDI - IMP_TOPE_EXEû   IF BASE < 0 THEN BASE= 0û   IMPORTE+= BASE * PORCENTAJEû   DATO+= 1û  ENDû NEXT FECHA_INTûEND ELSEû DIAS.IMSS= DIPC(""@IMS"",""TP1"")û IF DIAS.IMSS > 0 THEN DIAS= DIAS.IMSSû û LOCATE ""####"" IN INCAPACIDADES USING @VM SETTING POS.RESTA ELSE POS.RESTA-=1û FOR II= 1 TO POS.RESTAû  RESTA= DIPC(INCAPACIDADES<1,II>,""TP1"")û  DIAS= DIAS - RESTAû NEXT IIû û IF FALTAS_MES >= 7 THENû  NUM_FALTAS= 0û END ELSEû  IF FALTAS_MES + NUM_FALTAS > 7 THENû   NUM_FALTAS= 7 - FALTAS_MESû  ENDû ENDû DIAS-= NUM_FALTASû                IF DIAS<0 THEN DIAS=0 û IF SIN@ > IMP_TOPE THEN  SDI= IMP_TOPE ELSE SDI = SIN@ûû BASE= (SDI - IMP_TOPE_EXE)û IF BASE < 0 THEN BASE= 0û û IMPORTE= BASE * PORCENTAJE * DIASû DATO= DIASûEND",,,1,0,0,1,,,,,
@,@IMS,I.M.S.S.,D,NI,0,0,0,0,0,685,N,,,O,0,0,1,0,O,0,0,1,0,O,,,0,0,"NOPRESENTO= REG_EMP<AN_EMP.CLV_TARJ%>û*IF ûIF NOPRESENTO=1 THEN RETURNûûIF PARM2=1 THEN RETURNûûImporte= DIPM(""@CEO"",""IM"")+DIPM(""@GPO"",""IM"")+DIPM(""@IVO"",""IM"")+DIPM(""@PEO"",""IM"")+DIPM(""@CVO"",""IM"")ûûûûDECLARE FUNCTION GET_SALHIS, GET_KARDEXûû*IF @USERNAME = ""SERUIZ"" THEN DEBUGûûIF PARM2 NE """" AND PARM2 NE 0 THEN IMPORTE= PARM2; DATO= PARM1; RETURNûûIMPORTE = 0ûûTDIPS= """" ûTDIPS<-1> = ""@CEO""ûTDIPS<-1> = ""@PEO""ûTDIPS<-1> = ""@GPO""ûTDIPS<-1> = ""@IVO""ûTDIPS<-1> = ""@CVO""ûûFECHADEALTA = REG_EMP<AN_EMP.F_INGRESO%>ûûDIASI=0ûGOTO PROCESOûû**************ûCALCULA:û**************û FINIPER_EXT =  FECHA(FINIPER,2,""AAAAMMDD"")û CALL TABLAS_IMSS(DIP, ZONA_ECO, FINIPER_EXT, PORCENTAJE, IMP_TOPE, IMP_TOPE_EXE, FALTAS,INCAPACIDADES, STATUS)û DIAS= DIAS_PERûNUM_PERMISOS=0û NUM_FALTAS= 0û FALTAS_MES= 0û LOCATE ""####"" IN FALTAS USING @VM SETTING POS.RESTA ELSE POS.RESTA-=1û FOR II= 1 TO POS.RESTAû  NUM_FALTAS+= DIPC(FALTAS<1,II>,""TP1"")û  FALTAS_MES+= DIPA(FALTAS<1,II>,""DA"",EJ_FISCAL%:MES_BASE,EJ_FISCAL%:MES_BASE)û NEXT IIûPERMISOS=""PSGS""ûLOCATE ""####"" IN PERMISOS USING @VM SETTING POS.RESTA ELSE POS.RESTA-=1û FOR II= 1 TO POS.RESTAû  NUM_PERMISOS+= DIPC(PERMISOS<1,II>,""TP1"")û  FALTAS_MES+= DIPA(PERMISOS<1,II>,""DA"",EJ_FISCAL%:MES_BASE,EJ_FISCAL%:MES_BASE)û NEXT IIû*IF @USERNAME = ""MANAGER_NOM"" THEN DEBUGûIF GET_SALHIS(NUM_EMP,FINIPER,""SDI"") <> GET_SALHIS(NUM_EMP,FTERPER,""SDI"") AND FINIPER_EXT>= FECHADEALTA THENû  ARRAY_INCA= GET_KARDEX(NUM_EMP,FINIPER,FTERPER,""IN"")û  ARRAY_FALT= GET_KARDEX(NUM_EMP,FINIPER,FTERPER,""FA"")û  FOR FECHA_INT= FINIPER TO FTERPERû   FLAG= 1û   LOCATE FECHA_INT IN ARRAY_INCA<3> USING @VM SETTING POS1 THEN FLAG= 0û   IF FALTAS_MES < 7 THENû    LOCATE FECHA_INT IN ARRAY_FALT<3> USING @VM SETTING POS1 THEN FLAG= 0; FALTAS_MES+= 1û   ENDû   IF FLAG THENû    SDI= GET_SALHIS(NUM_EMP,FECHA_INT,""SDI"")û    IF SDI > IMP_TOPE THEN SDI= IMP_TOPEû    BASE= SDI - IMP_TOPE_EXEû    IF BASE < 0 THEN BASE= 0û    IMPORTE+= BASE * PORCENTAJEû    *DATO+= 1û   ENDû  NEXT FECHA_INTû END ELSEû  DIAS.IMSS= DIPC(""@IMS"",""TP1"")ûû  IF DIAS.IMSS > 0 THEN DIAS= DIAS.IMSSûû  LOCATE ""####"" IN INCAPACIDADES USING @VM SETTING POS.RESTA ELSE POS.RESTA-=1û  FOR II= 1 TO POS.RESTAû   RESTA= DIPC(INCAPACIDADES<1,II>,""TP1"")û   DIAS= DIAS - RESTAû                                                DIASI=DIASI+RESTAû  NEXT IIû  û  IF FALTAS_MES >= 7 THENû   NUM_FALTAS= 0û  END ELSEû   IF FALTAS_MES + NUM_FALTAS > 7 THENû    NUM_FALTAS= 7 - FALTAS_MESû   ENDû  ENDû  DIAS-= NUM_FALTASûû  IF SIN@ > IMP_TOPE THEN  SDI= IMP_TOPE ELSE SDI = SIN@ûû  BASE= (SDI - IMP_TOPE_EXE)û  IF BASE < 0 THEN BASE= 0ûû  IMP= BASE * PORCENTAJE * DIASû  *DATO= DIASû ENDûRETURNûûûûû*****************ûPROCESO:û*****************û FOR I= 1 TO COUNT(TDIPS,@FM)+1û  DIP= TDIPS<I>û  IMP= 0 ûDIASI=0û  GOSUB CALCULAû                                IF (DIASI+NUM_FALTAS+NUM_PERMISOS)>=15 THEN RETURNû  IMPORTE = IMPORTE + IMP û NEXT IûRETURNû",Importe =  @SDI / 8 * @DA1 * 2,,1,1,0,1,,,,,
@,@SSP,CUOTA IMSS (PATRONAL),E,NI,0,0,0,0,0,817,N,,,O,0,0,0,0,O,0,0,0,0,O,,,0,0,"IMPORTE= DIPM(""@CFI"",""IM"")+DIPM(""@CEP"",""IM"")+DIPM(""@PEP"",""IM"")+DIPM(""@GPP"",""IM"")+DIPM(""@IVP"",""IM"")+DIPM(""@CVP"",""IM"")ûûIF REG_EMP<AN_EMP.SAL_MINIMO%> = 1 THENû    IMP.OBRERO = DIPM(""@IMS"",""IM"")û    LOCATE ""@IMS"" IN REG_MOVTO<AN_EMP_MOVTOS.CLV_DIP_D%> USING @VM SETTING POS THENû       REG_MOVTO<AN_EMP_MOVTOS.IMP_D%,POS> = 0û    ENDû     IMPORTE = IMPORTE + IMP.OBREROûEND",Importe =  @SDI / 8 * @DA1 * 2,,1,0,0,1,,,,,
@,PINC,SUELDO POR INCAPACIDAD,P,GN,1,,0,0,0,10,N,,,O,0,0,0,0,O,0,0,0,0,O,,,0,0,IMPORTE=PARM1*SDI@ûDATO=PARM1,,,1,1,0,1,,PINC,,,
@,GRAS,GRATIFICACION POR SEPARACION,P,FI,1,,0,1,0,120,N,,,O,0,0,1,0,O,0,0,0,0,O,,,0,0,Importe = PARM1,,,0,1,0,1,,,,,
@,GUAR,GUARDIAS,P,GN,1,,0,1,0,130,N,,,O,0,0,1,0,O,0,0,0,0,O,,,0,0,Importe = PARM1,,,0,1,0,1,,,,,
@,BPTU,BONO PTU,P,GN,1,,0,1,0,500,N,,,O,0,0,1,0,O,0,0,0,0,O,,,0,0,Importe = PARM1,,,0,1,0,1,,,,,
@,DESA,DESCUENTO ADEUDO,D,GN,0,,0,0,1,650,N,,,O,0,0,1,0,O,0,0,1,0,O,,,0,0,Importe = PARM1,,,0,1,0,1,,,,,
@,BON1,BONO POR PRODUCTIVIDAD,P,GN,0,0,0,1,0,110,N,,,R,10,30,1,0,O,0,0,0,0,O,,,0,0,ûImporte = PARM1 * SDI@,,,1,1,0,1,,,,,
@,BOTR,BONO TURNOS,P,GN,1,,0,1,0,16,N,,,O,0,0,0,0,O,0,0,0,0,O,,,0,0,"IF PARM1>4 THENûûSUELDOPAGO=2975.63ûSALARIO=SDI@[1,6]ûûIF SALARIO=793.50 THEN SUELDOPAGO=2975.63ûIF SALARIO=839.18 THEN SUELDOPAGO=3146.93ûIF SALARIO=832.38 THEN SUELDOPAGO=3121.43ûIF SALARIO=837.20 THEN SUELDOPAGO=3139.50ûIF SALARIO=841.19 THEN SUELDOPAGO=3154.46ûIF SALARIO=843.23 THEN SUELDOPAGO=3162.11ûIF SALARIO=845.23 THEN SUELDOPAGO=3169.62ûIF SALARIO=864.36 THEN SUELDOPAGO=3241.35ûûIMPORTE=(PARM1-4)*SUELDOPAGOûûDATO=PARM1-4ûENDûûûû",,,1,1,0,1,,BOTR,,,
@,FAON,FONDO DE AHORRO OTRAS NOMINAS EMPLEADO,D,NI,0,,0,0,0,10,N,,,O,0,0,0,0,O,0,0,0,0,O,,,0,0,"IMPORTE=DIPM(""FAOE"",""IM"")",,,1,1,0,1,,FAON,,,
@,SIAC,SEPARACION E INDEMNIZACION ACUMULABLE,X,NI,0,,0,1,0,799,N,,,O,0,0,1,0,O,0,0,0,0,O,,,0,0,"IF PARM1 > 0 THENû  IMPORTE = PARM1 ûEND ELSEû  IMPORTE.FINIQUITO = DIPM(""LIQU"",""IM"")+DIPM(""NOVE"",""IM"")+DIPM(""PRAN"",""IM"")û  IF IMPORTE.FINIQUITO > 0 THENû      Importe = REG_EMP<AN_EMP.SAL_MENS%> / 100û      IF IMPORTE > IMPORTE.FINIQUITO THEN IMPORTE = IMPORTE.FINIQUITOû  ENDûEND",,,1,1,0,1,,,,,
@,GYMS,DESCUENTO SPORTWORLD,D,NI,0,,0,0,0,10,N,,,O,0,0,0,0,O,0,0,0,0,O,,,0,0,IMPORTE=PARM1ûDATO=1,,,1,1,0,1,,GYMS,,,
NQ,BFON,AYUDA AL AHORRO,P,EX,0,,0,0,0,15,N,,,O,0,0,1,0,O,0,0,1,0,O,,,0,0,IMPORTE=PARM1,,,1,1,0,1,,BFON,,,
@,BOEX,BONO EXTRAORDINARIO,P,GN,1,,0,1,0,162,N,,,R,0,0,1,0,O,0,0,1,0,O,,,0,0,Importe = PARM1ûDato = PARM2,,,1,1,0,1,,,,,
@,CAAH,CAJA DE AHORRO,D,NI,0,,0,1,0,872,N,,,R,0,0,1,0,O,0,0,1,0,O,,,0,0,Importe = PARM1ûDato = PARM2,,,1,1,0,1,,,,,
@,AVIN,APORTACION VOLUNTARIA INFONAVIT,D,NI,0,0,0,1,0,740,N,,,O,0,0,1,0,O,0,0,1,0,O,,,0,0,Importe = PARM1ûDato = PARM2,,,0,1,0,1,,,,,
@,INCS,INCAPACIDAD ENFERMEDAD GRAL.RESTO,D,GN,1,0,0,1,0,621,N,,,R,0,0,1,0,O,0,0,1,0,O,,,0,0,"IF PARM2 NE """" AND PARM2 NE 0 THEN IMPORTE= PARM2; DATO= PARM1; RETURNûûIF @USERNAME = ""MANAGER_NOM"" THEN DEBUGûû$INSERT AN_TIPOSûû*obtiene ausentismoûDIAS_AUSE= 0ûFINIPER_EXT=  FECHA(FINIPER,2,""AAAAMMDD"")ûCALL TABLAS_IMSS(""@IMS"", ZONA_ECO, FINIPER_EXT, PORCENTAJE, IMP_TOPE, IMP_TOPE_EXE, FALTAS,INCAPACIDADES, STATUS)ûFOR CONT1= 1 TO COUNT(FALTAS, @VM) + 1û DIAS_AUSE+= DIPM(FALTAS<1,CONT1>, ""DA"")ûNEXT CONT1ûFOR CONT1= 1 TO COUNT(INCAPACIDADES, @VM) + 1û DIAS_AUSE+= DIPM(INCAPACIDADES<1,CONT1>, ""DA"")ûNEXT CONT1ûûIF REG_TIPO<AN_TIPOS.PERIODICIDAD%> = ""S"" THENû DIAS_JOR= DIAS_PERû û DIAS_DISP= DIAS_JOR - DIAS_AUSEû IF DIAS_DISP <= 0 THEN DIAS_DISP= 0û IF PARM1 > DIAS_DISP THEN DIAS_DESC= DIAS_DISP ELSE DIAS_DESC= PARM1û û FACTOR= 7/6ûEND ELSEû DIAS_PAGA= DIPM(""PNOR"",""DA"") + DIPM(""@VAC"",""DA"")û DIAS_DISP= DIAS_PAGA - DIAS_AUSEû û IF DIAS_DISP <= 0 THEN DIAS_DISP= 0û IF PARM1 > DIAS_DISP THEN DIAS_DESC= DIAS_DISP ELSE DIAS_DESC= PARM1ûû FACTOR= 1ûENDûûIMPORTE= SDI@*DIAS_DESC*FACTORûDATO= DIAS_DESC",,,1,1,0,1,,,,,
@,DEDE,DEDUCCION POR DESPENSA,D,NI,0,,0,1,0,886,N,,,O,0,0,1,0,O,0,0,1,0,O,,,0,0,"IF TIPO_NOM=""VQ"" THEN RETURNûIF PARM2+0 <> 0 THEN IMPORTE= PARM2; DATO= PARM1; RETURNûûIF DIPM(""VALX"",""IM"") <= 0 THEN RETURNûûIMPORTE= 0.10",,,1,1,0,1,,,,,
@,@CVO,CUOTA OBRERA CESANTIA Y VEJEZ,X,NI,0,0,0,0,0,651,N,,,O,0,0,0,0,O,0,0,0,0,O,,,0,0,"*IF @USERNAME = ""MANAGER_NOM"" THEN DEBUGûDECLARE FUNCTION GET_SALHIS, GET_KARDEXûûIF PARM2 NE """" AND PARM2 NE 0 THEN IMPORTE= PARM2; DATO= PARM1; RETURNûûFINIPER_EXT =  FECHA(FINIPER,2,""AAAAMMDD"")ûCALL TABLAS_IMSS(CLV_DIP, ZONA_ECO, FINIPER_EXT, PORCENTAJE, IMP_TOPE, IMP_TOPE_EXE, FALTAS,INCAPACIDADES, STATUS)ûDIAS= DIAS_PER+DIPM(""DADI"",""DA"")ûSDI=SIN@ûûNUM_FALTAS= 0ûFALTAS_MES= 0ûLOCATE ""####"" IN FALTAS USING @VM SETTING POS.RESTA ELSE POS.RESTA-=1ûFOR II= 1 TO POS.RESTAû NUM_FALTAS+= DIPC(FALTAS<1,II>,""TP1"")û FALTAS_MES+= DIPA(FALTAS<1,II>,""DA"",EJ_FISCAL%:MES_BASE,EJ_FISCAL%:MES_BASE)ûNEXT IIûFECHADEALTA = REG_EMP<AN_EMP.F_INGRESO%>ûIF GET_SALHIS(NUM_EMP,FINIPER,""SDI"") <> GET_SALHIS(NUM_EMP,FTERPER,""SDI"") AND FINIPER_EXT<=FECHADEALTA THENû ARRAY_INCA= GET_KARDEX(NUM_EMP,FINIPER,FTERPER,""IN"")û ARRAY_FALT= GET_KARDEX(NUM_EMP,FINIPER,FTERPER,""FA"")û FOR FECHA_INT= FINIPER TO FTERPERû  FLAG= 1û  LOCATE FECHA_INT IN ARRAY_INCA<3> USING @VM SETTING POS1 THEN FLAG= 0û  IF FALTAS_MES < 7 THENû   LOCATE FECHA_INT IN ARRAY_FALT<3> USING @VM SETTING POS1 THEN FLAG= 0; FALTAS_MES+= 1û  ENDû  IF FLAG THENû   SDI= GET_SALHIS(NUM_EMP,FECHA_INT,""SDI"")û   IF SDI > IMP_TOPE THEN SDI= IMP_TOPEû   BASE= SDI - IMP_TOPE_EXEû   IF BASE < 0 THEN BASE= 0û   IMPORTE+= BASE * PORCENTAJEû   DATO+= 1û  ENDû NEXT FECHA_INTûEND ELSEû DIAS.IMSS= DIPC(""@IMS"",""TP1"")ûû IF DIAS.IMSS > 0 THEN DIAS= DIAS.IMSSûû LOCATE ""####"" IN INCAPACIDADES USING @VM SETTING POS.RESTA ELSE POS.RESTA-=1û FOR II= 1 TO POS.RESTAû  RESTA= DIPC(INCAPACIDADES<1,II>,""TP1"")û  DIAS= DIAS - RESTAû NEXT IIû û IF FALTAS_MES >= 7 THENû  NUM_FALTAS= 0û END ELSEû  IF FALTAS_MES + NUM_FALTAS > 7 THENû   NUM_FALTAS= 7 - FALTAS_MESû  ENDû ENDû DIAS-= NUM_FALTASû                IF DIAS<0 THEN DIAS=0ûû IF SIN@ > IMP_TOPE THEN  SDI= IMP_TOPE ELSE SDI = SIN@ûû BASE= (SDI - IMP_TOPE_EXE)û IF BASE < 0 THEN BASE= 0ûû IMPORTE= BASE * PORCENTAJE * DIASû *DATO= DIASûEND",,,1,0,0,1,,,,,
@,ENAN,ENTRADA ANTES DEL HORARIO DE TRABAJO,P,NI,0,0,0,0,0,420,N,,,O,0,0,0,0,O,0,0,0,0,O,,,0,0,,,,0,1,0,0,,,,,
@,DDES,DESCANSO TRABAJADO,P,EN,1,1,5,1,0,70,N,,,R,0,0,1,0,O,0,0,1,0,O,,,0,0,"IF PARM2 NE """" AND PARM2 NE 0 THEN IMPORTE= PARM2; DATO= PARM1; RETURNûû$INSERT AN_TAB_TURNOû$INSERT AN_TIPOSûûTURNO= PARM4ûûIF TURNO NE """" AND TURNO NE REG_EMP<AN_EMP.TURNO%> THENû CALL IO_READ(REGT,""AN_TAB_TURNO"","""",TURNO,"""",1,STATUS)û HRS_TURNO= REGT<AN_TAB_TURNO.HRS_DIA%> / 100ûEND ELSEû HRS_TURNO= HRD@ûENDûûIF REG_TIPO<AN_TIPOS.PERIODICIDAD%> <> ""S"" THEN HRS_TURNO= 8ûûIF HRS_TURNO = 0 OR HRS_TURNO = """" THEN RETURNûûIMPORTE= PARM1 * SDI@ * 2ûDATO= PARM1",,,1,1,0,1,,,,,
@,PDOM,PRIMA DOMINICAL,P,EN,1,1,1,1,0,40,N,,,O,0,0,1,0,O,0,0,1,0,O,,,0,0,IF PARM2+0 <> 0 THEN IMPORTE= PARM2; DATO= PARM1; RETURNûûIMPORTE = PARM1 * SDI@ * 0.25ûDATO= PARM1ûûTOPE.EXE = SMI@ * PARM1ûûIF IMPORTE > TOPE.EXE THENû IMP_GRAV = IMPORTE - TOPE.EXEûEND ELSEû IMP_GRAV = 0ûEND,,,1,1,0,1,,,,,
@,NOVE,INDEMINIZACION,P,FI,0,1,0,1,0,200,N,,,R,0,0,1,0,O,0,0,1,0,O,,,0,0,ûSAL=REG_EMP<AN_EMP.SAL_INT_FINI%>/100ûIF PARM2>100 THEN SAL=PARM2ûûIMPORTE= SAL*PARM1ûDATO= PARM1,,,1,1,0,1,,,,,
@,DPIF,DESCUENTO PRESTAMO  INFONAVIT,D,NI,0,0,0,0,0,686,N,,,R,0,0,1,0,O,0,0,1,0,O,,,0,0,"IF PARM2 NE """" AND PARM2 NE 0 THEN IMPORTE= PARM2; DATO= PARM1; RETURNûû$INSERT TDIASû$INSERT AN_INFONAVITûûBIM_ACT= INT(MES_BASE/2+.9)ûMES_FIN= BIM_ACT*2ûDIAS= TDIAS<MES_FIN-1>+TDIAS<MES_FIN>ûû*Se calculan los dias laboradosûCALL IO_READ(REG_INFO,""AN_INFONAVIT"","""",NUM_EMP,"""",1,STATUS)ûF_INICIO_EXT= REG_INFO<AN_INFONAVIT.F_INI_CRED%>ûF_INICIO_INT= FECHA(F_INICIO_EXT,1,""AAAAMMDD"")ûûBEGIN CASEû CASE F_INICIO_INT > FTERPERû  DIAS.TRABAJADOS= 0û  RETURNû û CASE F_INICIO_INT > FINIPERû  DIAS.TRABAJADOS= FTERPER - F_INICIO_INT + 1û  FDINT= F_INICIO_INTû  û CASE F_INICIO_INT <= FINIPERû  *DIAS.TRABAJADOS= DIPM(""PNOR"",""DA"") + DIPM(""@VAC"",""DA"") + DIPM(""SDIA"",""DA"")û  DIAS.TRABAJADOS= DIAS_PERû*DIAS.TRABAJADOS= FTERPER - FFINPER + 1û  FDINT= FINIPERûEND CASEûû*10-ago-15 *rvz modif para no descontar permisos con goceûNUM_FALTAS= 0ûFQUE=FTERPERûARRAY_FALT= GET_KARDEX(NUM_EMP,FDINT,FTERPER,""FA"")ûFOR CONT1= 1 TO COUNT(ARRAY_FALT<1>, @VM)+1û IF ARRAY_FALT<1, CONT1> <> """" AND  ARRAY_FALT<1, CONT1>[1,1] <> ""G"" THEN NUM_FALTAS+= 1ûNEXT CONT1û*ûARRAY_FALT= GET_KARDEX(NUM_EMP,FDINT,FTERPER,""PS"")ûFOR CONT1= 1 TO COUNT(ARRAY_FALT<1>, @VM)+1û IF ARRAY_FALT<1, CONT1> <> """" AND  ARRAY_FALT<1, CONT1>[1,1] <> ""G"" THEN NUM_FALTAS+= 1ûNEXT CONT1û*ûûFALTAS_MES= 0ûARRAY_FALT= GET_KARDEX(NUM_EMP,EJ_FISCAL%:FMT(MES_BASE, ""R(0)#2""):""01"",FINIPER,""FA"")ûFOR CONT1= 1 TO COUNT(ARRAY_FALT<1>, @VM)+1û IF ARRAY_FALT<1, CONT1> <> """" AND  ARRAY_FALT<1, CONT1>[1,1] <> ""G"" THEN FALTAS_MES+= 1ûNEXT CONT1û*ûûIF FALTAS_MES >= 7 THENû NUM_FALTAS= 0ûEND ELSEû IF FALTAS_MES + NUM_FALTAS > 7 THENû  NUM_FALTAS= 7 - FALTAS_MESû ENDûENDûnum_faltas = 0ûDIAS.TRABAJADOS-= NUM_FALTASûûDIAS.TRABAJADOS-= GET_KARDEX(NUM_EMP,FDINT,FTERPER,""IN"")<4>û*DIAS.TRABAJADOS=15-(DIPC(""FALT"",""P1"")+DIPC(""INCE"",""P1"")+DIPC(""PSGS"",""P1""))ûDIAS.TRABAJADOS=15-(DIPC(""FALT"",""P1"")+DIPC(""PSGS"",""P1""))û**ûDIAS.TRABAJADOS= DIAS_PERû**ûûIMPORTE= PARM1* 2 / DIAS * DIAS.TRABAJADOSû                LOCATE ""SDPI"" IN REG_EMP_INCI<AN_EMP_INCI.CLV_DIP%> USING @VM SETTING POS THENû                          REG_EMP_INCI<AN_EMP_INCI.PARAM1%,POS> = IMPORTE * 100û                ENDûû*DATO= DIAS.TRABAJADOSû",,,1,1,0,1,,,,,
@,BONO,GRATIFICACION EXTRAORDINARIA,P,GN,1,1,15,1,0,65,N,,,R,0,0,1,0,O,0,0,1,0,O,,,0,0,Importe = PARM1ûDato = PARM2,,,0,1,0,1,,,,,
@,IGRA,INTEGRACION DE AGUINALDO,P,GN,0,0,0,0,0,100,N,,,O,0,0,0,0,O,0,0,0,0,O,,,0,0,IMPORTE = SDI@ * 15,,,1,1,0,1,,,,,
@,@BGE,BASE GRAVADA IMPUESTO ESTATAL,X,NI,0,0,0,0,0,910,N,,S,O,0,0,0,0,O,0,0,0,0,O,,,0,0,,,,0,0,0,0,,,,,
@,@CVP,CUOTA PAT CESANTIA Y VEJEZ,X,NI,0,0,0,0,0,651,N,,,O,0,0,0,0,O,0,0,0,0,O,,,0,0,CALL DIP_CVP(DUMMY)û,,,1,0,0,1,,,,,
@,@GRA,AGUINALDO,P,EE,1,1,30,1,0,30,N,,,O,0,0,1,0,O,0,0,1,0,O,,,0,0,"COMMON /CALCULO_VARIO/ REG.VAC, REG.GRA, ANTIG_EMPûDECLARE FUNCTION ANTIGUEDAD, FECHA, GET_KARDEXûû$INSERT AN_TAB_GRATû$INSERT AN_TIPOSû$INSERT AN_DIPSûû*IF @USERNAME = ""MANAGER_NOM"" THEN DEBUGûIF PARM1=1 THEN RETURNû*Por excepción acepta un importe en parámetro dos y ya no ejecuta fórmulaûIF PARM2 NE """" AND PARM2 NE 0 THEN IMPORTE= PARM2; DATO= PARM1; RETURNûûûû**********ûPRINCIPAL:û**********ûDIAS.GRAS=0û IF PARM1 <> 0 AND PARM1 <> """" THENû  DIAS.GRAS = PARM1û ûENDû*  ELSEû  GOSUB P.565.VE.DIASû* ENDû IF PARM2 GT 0 THENû  SALARIO = PARM2û END ELSEû  SALARIO = SDI@û ENDû YAPAGA=DIPA(""@GRA"",""IM"",""202400"",""202400"")û                DAPAGA=DIPA(""@GRA"",""DA"",""202400"",""202400"")û IMPORTE= (DIAS.GRA * SALARIO)-YAPAGAû DATO= DIAS.GRA-DAPAGAûRETURNûû**************ûP.565.VE.DIAS:û**************û IF PARM4 = ""Finiquito"" THEN FLAG_FINI= 1 ELSE FLAG_FINI= 0û û F_INGRESO_EXT= REG_EMP<AN_EMP.F_INGRESO%>û F_INGRESO_INT= FECHA(F_INGRESO_EXT,1,""AAAAMMDD"")û û F_ALTA_EXT= REG_EMP<AN_EMP.F_ALTA%>û F_ALTA_INT= FECHA(F_ALTA_EXT,1,""AAAAMMDD"")û û *û F_ALTA_EXT= F_INGRESO_EXTû F_ALTA_INT= F_INGRESO_INTû *û û F_HASTA_EXT= PARM32û IF F_HASTA_EXT = """" THENû  F_HASTA_INT= FTERPERû  F_HASTA_EXT= FECHA(F_HASTA_INT,2,""AAAAMMDD"")û END ELSEû  F_HASTA_INT= FECHA(F_HASTA_EXT,1,""AAAAMMDD"")û ENDû û F_DESDE_EXT= F_HASTA_EXT[1,4]:""0101""û IF F_ALTA_EXT > F_DESDE_EXT THENû  F_DESDE_EXT= F_ALTA_EXTû ENDû F_DESDE_INT= FECHA(F_DESDE_EXT,1,""AAAAMMDD"")û û DIAS_DER= F_HASTA_INT - F_DESDE_INT + 1û IF DIAS_DER > 365 THEN DIAS_DER= 365û û ANOS = ANTIGUEDAD(F_INGRESO_EXT,F_HASTA_INT)û ANOS1= ANOS;ANOS = INT(ANOS)û û IF ANOS = 0 THENû  DIAS_TABLA = REG.GRA<AN_TAB_GRAT.DIAS%,1>û END ELSEû  LOCATE ""##"" IN REG.GRA<AN_TAB_GRAT.LIM_INF%> USING @VM SETTING POS3 ELSE POS3=POS3-1û  FOR IND=1 TO POS3û   IF ANOS <= REG.GRA<AN_TAB_GRAT.LIM_SUP%,IND> THENû    DIAS_TABLA=REG.GRA<AN_TAB_GRAT.DIAS%,IND>û    IND = POS3û   ENDû  NEXT INDû ENDû û /*û IF FLAG_FINI = 0 THENû  NUM_FA= 0û  ARRAY_FA= GET_KARDEX(NUM_EMP,F_DESDE_EXT,F_HASTA_INT,""FA"")û  FOR CONT1= 1 TO COUNT(ARRAY_FA<1>, @VM) + 1û   IF ARRAY_FA<1,CONT1>[1,1] <> ""G"" THENû    NUM_FA+= 1û   ENDû  NEXT CONT1û  û  NUM_IN= 0û  ARRAY_IN= GET_KARDEX(NUM_EMP,F_DESDE_EXT,F_HASTA_INT,""IN"")û  FOR CONT1= 1 TO COUNT(ARRAY_IN<1>, @VM) + 1û   IF ARRAY_IN<1,CONT1> = ""EI"" OR ARRAY_IN<1,CONT1> = ""ES"" THENû    NUM_IN+= 1û   ENDû  NEXT CONT1û  û  DIAS_DER-= (NUM_FA + NUM_IN)û ENDû */û IF DIAS.GRAS>0 THEN DIAS_DER=DIAS.GRASûûFALTAS=0ûû*DIPA(""FALT"",""DA"",""202201"",""202212"")+DIPA(""INCE"",""DA"",""202201"",""202212"")+DIPA(""INCS"",""DA"",""202201"",""202212"")+DIPA(""PSGS"",""DA"",""202201"",""202212"")ûûIF DIAS.GRAS<>0 THENûDIAS.GRA= (DIAS_TABLA) *(( DIAS.GRAS)/365)ûEND ELSEû DIAS.GRA= (DIAS_TABLA) *(( DIAS_DER-FALTAS)/365)ûENDûRETURN",Importe =  @SFP * @DA1,,1,1,0,1,,,,,
@,@IME,IMPUESTO ESTATAL,D,NI,0,0,0,0,0,911,N,,,O,0,0,0,0,O,0,0,0,0,O,,,0,0,"Importe = DIPM(""@BGE"",""IM"")*PARM1/100",Importe =  @SDI / 8 * @DA1 * 2,,0,1,0,1,,,,,
@,@SNA,SUBSIDIO NO ACREDITABLE,X,NI,0,0,0,0,0,980,N,,,O,0,0,0,0,O,0,0,0,0,O,,,0,0,,Importe =  @SDI / 8 * @DA1 * 2,,0,0,0,0,,,,,
@,@ILO,IMPUESTO LOCAL,X,NI,0,0,0,0,0,1000,N,,,O,0,0,0,0,O,0,0,0,0,O,,,0,0,"$INSERT AN_CATALOGOSûPORC2 = 0ûRECINTO = REG_EMP<AN_EMP.RECINTO%>û*CALL IO_READ(REGR,""AN_RECINTOS"","""",RECINTO,"""",1,ST)ûLOCALIDAD = RECINTOûIF LOCALIDAD <> """" THENû  CALL IO_READ(REG_CEDO,""AN_CATALOGOS"","""",""CEDO"","""",1,ST)û  LOCATE LOCALIDAD IN REG_CEDO<2> USING @VM SETTING POS THENû    PORC = REG_CEDO<4,POS>û    PORC2 = REG_CEDO<5,POS>û    PORCENTAJE = PORC/100û  END ELSEû    PORCENTAJE = .025û  ENDû  BASE =  DIPM(""@BGL"",""IM"")û  IF PORC2 > 0  THEN û PORC2 = PORC2/100û    IMPORTE1 = 0û    Importe1 = BASE*PORCENTAJEû    IMPORTE = (IMPORTE1 * PORC2) + IMPORTE1û    DATO = BASEû  END ELSEû   Importe = BASE*PORCENTAJEû   DATO = BASEû  ENDûENDû",,,1,0,0,1,,,,,
@,@RIE,RIESGO DEL TRABAJO,E,NI,0,0,0,0,0,657,N,,,O,0,0,0,0,O,0,0,0,0,O,,,0,0,,Importe =  @SDI / 8 * @DA1 * 2,,0,0,0,0,,,,,
@,ASIS,PREMIO ASISTENCIA,P,GN,0,,0,1,0,109,N,,,O,500,500,0,0,O,0,0,0,0,O,,,0,0,Importe = 500,,,0,1,0,1,,,,,
@,BONA,BONO DE AUTO,P,GN,1,,0,0,0,104,N,,,O,0,0,1,0,O,0,0,0,0,O,,,0,0,Importe = PARM1,,,0,1,0,1,,,,,
@,REDE,REEMBOLSO DESC,P,GN,1,,0,1,0,151,N,,,O,0,0,1,0,O,0,0,1,0,O,,,0,0,Importe = PARM1,,,0,1,0,1,,,,,
@,DASB,ANTICIPO SALARIO BASE EUA,D,NI,0,,0,1,0,700,N,,,R,0,0,1,0,O,0,0,0,0,O,,,0,0,Importe = PARM1,,,0,1,0,1,,,,,
@,LFAE,LIQUIDACION FONDO DE AHORRO EMP,P,NI,0,,0,1,0,51,N,,,O,0,0,1,0,O,0,0,1,0,O,,,0,0,"if PARM1 > 0 THENû    IMPORTE=  PARM1ûEND ELSEû   Importe = DIPA(""FAHE"",""IM"",EJ_FISCAL%,EJ_FISCAL%)+DIPA(""FAOE"",""IM"",EJ_FISCAL%,EJ_FISCAL%)ûEND",,,1,1,0,1,,,,,
@,PNOR,SUELDO,P,GN,1,1,0,0,0,10,N,,,O,0,0,1,0,O,0,0,1,0,O,,,0,0,"*Agregar en este arreglo los DIP""s de percepción que disminuyen PNORûIF PARM2=1 AND PARM1>0 THENûIMPORTE=PARM1ûRETURNûENDûIF PARM2=1 THEN RETURNûIF PARM1>0 THENûIMPORTE=SDI@*PARM1ûDATO=PARM1ûRETURNûENDûIMPRODUCTIVOS= """"ûPUEST=REG_EMP<AN_EMP.PUESTO%>ûIF PUEST<>""0058"" THENû***************************ûIMPRODUCTIVOS<-1>= ""@VAC""ûIMPRODUCTIVOS<-1>= ""PCGS""ûIMPRODUCTIVOS<-1>= ""PCG1""ûIMPRODUCTIVOS<-1>= ""PATA""ûIMPRODUCTIVOS<-1>= ""MATA""ûIMPRODUCTIVOS<-1>= ""PPPA""ûIMPRODUCTIVOS<-1>= ""DOFF""û***************************ûENDû/*ûOPEN HR v.7. Ricardo Vivas Z?ñigaûObjetivo: Calcular Sueldo BaseûMecánica:û-Acepta DIP""s improductivos que disminuyen PNOR, como Permiso con goce de sueldo, etc.û-Se puede configurar pagar días naturales para nóminas con per. diferente a semanal. Listar en catálogo DNATû-Cálcula días considerando fecha de ingreso; solo período actualû-Si se indican días en Parm1, se asignan a DIAS_PER para las provisionesû*/ûûCALL DIP_PNOR(IMPRODUCTIVOS)",,,1,1,0,1,,,,,
@,ISRE,AJUSTE DE ISR EMPRESA,P,GN,0,,0,0,0,10,N,,,O,0,0,0,0,O,0,0,0,0,O,,,0,0,IMPORTE=PARM1,,,1,1,0,1,,ISRE,,,
@,IPVA,INTEGRACION DE PRIMA VACACIONAL,P,GN,0,0,0,0,0,100,N,,,O,0,0,0,0,O,0,0,0,0,O,,,0,0,"$INSERT AN_TAB_VACû$INSERT AN_TIPOSûDECLARE FUNCTION ANTIGUEDADûtipo.nom = REG_EMP<AN_EMP.TIPO_NOM%>ûCALL IO_READ(RTIPO,""AN_TIPOS"","""",TIPO.NOM,"""",0,ST)û    LL.TAB.VAC = RTIPO<AN_TIPOS.TAB_VAC%>û    IF LL.TAB.VAC = """" THEN LL.TAB.VAC = TIPO.NOMû    CALL IO_READ(REG.VAC,""AN_TAB_VAC"","""",LL.TAB.VAC,"""",1,ST_RD)û   fantig    = REG_EMP<AN_EMP.F_ALTA%>; FANTIG = FECHA(FANTIG,1,""AAAAMMDD"")û   HOY = DATE()û    ANTIG_EMP = ANTIGUEDAD(FANTIG, HOY)    û    ANOS = INT(ANTIG_EMP + 0.99) û    IF ANOS = 0 THENû       DIAS.VAC.DER =  REG.VAC<AN_TAB_VAC.DIAS%,1>û       PRIMA              = REG.VAC<AN_TAB_VAC.PRIMA%,1> / 100 û       PP = 1û    END ELSEû        LOCATE ANOS IN REG.VAC<AN_TAB_VAC.ANOS%> BY ""AR"" USING @VM SETTING PP ELSE PP-=1û        IF PP = 0 THEN PP = 1û        DIAS.VAC.DER =  REG.VAC<AN_TAB_VAC.DIAS%,PP>û        PRIMA        = REG.VAC<AN_TAB_VAC.PRIMA%,PP> / 100 û    ENDû    SALARIO = SDI@û    û    DIAS.SOBRE  = DIAS.VAC.DER * ( REG.VAC<AN_TAB_VAC.DIAS_SOBRE%,PP> / REG.VAC<AN_TAB_VAC.DIAS%,PP> )û    IMPORTE       = SALARIO * DIAS.SOBRE  * PRIMAû",,,1,1,0,1,,,,,
@,GNCO,GASTOS NO COMPROBADOS,D,NI,0,,0,0,1,905,N,,,O,0,0,1,0,O,0,0,1,0,O,,,0,0,Importe = PARM1,,,0,1,0,1,,,,,
@,VINC,VIATICOS NO COMPROBADOS,P,GN,0,,0,1,0,50,N,,,R,0,0,1,0,O,0,0,0,0,O,,,0,0,Importe = PARM1,,,0,1,0,1,,,,,
@,GRAT,GRATIFICACION,P,GN,1,1,0,1,0,150,N,,,R,0,0,1,0,O,0,0,1,0,O,,,0,0,Importe = PARM1ûDato = PARM2,,,0,1,0,1,,,,,
@,ICAP,INCAP. COMPENSACION,P,GN,1,,0,1,0,121,N,,,O,0,0,1,0,O,0,0,0,0,O,,,0,0,Importe = SDI@*PARM1,,,0,1,0,1,,,,,
@,PCGS,PERMISO CON GOCE DE SUELDO,P,GN,1,1,0,1,0,8,N,,,O,0,0,1,0,O,0,0,1,0,O,,,0,0,"ûIF TIPO_NOM = ""RU"" THENûIMPORTE = 0ûDATO = 0ûRETURNûENDûûûûIF PARM2+0 <> 0 THEN IMPORTE= PARM2; DATO= PARM1; RETURNûûIMPORTE= PARM1 * SDI@ûDATO= PARM1",,,1,1,0,1,,,,,
@,PPPA,PERMISO POR PATERNIDAD,P,GN,1,,0,1,0,8,N,,,O,0,0,1,0,O,0,0,0,0,O,,,0,0,IMPORTE=PARM1*SDI@ûDATO=PARM1,,,1,1,0,1,,,,,
@,REES,REEMBOLSO DE SEGURIDAD,P,GN,1,,0,1,0,300,N,,,R,0,0,1,0,O,0,0,0,0,O,,,0,0,Importe = PARM1,,,0,1,0,1,,,,,
@,DAAG,ANTICIPO DE AGUINALDO,D,NI,0,,0,1,0,700,N,,,R,0,0,1,0,O,0,0,0,0,O,,,0,0,Importe = PARM1,,,0,1,0,1,,,,,
@,DANT,DESCUENTO DE ANTICIPO DE NOMINA,D,GN,1,,0,1,0,620,N,,,R,0,0,1,0,R,0,0,1,0,O,,,0,0,Importe = PARM1,,,0,1,0,1,,,,,
@,AYDE,AYUDA DEFUNCION,D,NI,0,,0,1,0,870,N,,,O,0,0,1,0,O,0,0,1,0,O,,,0,0,"*Hacer mantenimiento a la clave ""AD"" en tabla de impuestosûûIF @USERNAME = ""MANAGER_NOM"" THEN DEBUGûûIF PARM2+0 <> 0 THEN IMPORTE= PARM2; DATO= PARM1; RETURNûû*FLAG AYUDA DE DEFUNCIONûIF REG_EMP<AN_EMP.SIN_US049%>+0 = 0 THEN RETURNû* ûûCALL IO_READ(TABLA_AYDE,""AN_TAB_ISR"","""",""AD"","""",1,ST_RD)ûBASE= SDI@*15ûCALL BUSCAENTABLA(TABLA_AYDE, BASE, LIMITEINF, CUOTAFIJA, PORCEXCED, RENGLON, RESULTADO)ûûIMPORTE= CUOTAFIJA",,,1,1,0,1,,,,,
@,DINV,DESCUENTO INVENTARIO,D,NI,0,,0,0,1,800,N,,,R,0,0,1,0,R,0,0,1,0,O,,,0,0,Importe = PARM1,,,0,1,0,1,,,,,
@,PRFA,PRESTAMO DEL FONDO,P,NI,0,,0,1,0,700,N,,,R,0,0,1,0,O,0,0,0,0,O,,,0,0,Importe = PARM1,,,0,1,0,1,,,,,
@,DIAT,DIAT,X,NI,0,,0,1,0,500,N,,,O,0,0,0,0,O,0,0,0,0,O,,,0,0,,,,0,1,0,0,,,,,
@,ANAM,ANTICIPO AGUINALDO MEXICO,P,GN,1,,0,1,0,300,N,,,R,0,0,1,0,O,0,0,0,0,O,,,0,0,Importe = PARM1,,,0,1,0,1,,,,,
@,COMI,COMISIONES,P,GN,1,,0,1,0,196,N,,,R,0,0,1,0,O,0,0,1,0,O,,,0,0,Importe = PARM1ûDato = PARM2,,,1,1,0,1,,,,,
@,DIEG,ESTADISTICO ENCAPACIDAD EG,X,NI,0,,0,1,0,500,N,,,O,0,0,0,0,O,0,0,0,0,O,,,0,0,Importe = PARM1*SDI@ûDato = PARM1,,,0,1,0,1,,,,,
@,PFAH,PRESTAMO DE FONDO DE AHORRO,D,NI,0,0,0,0,1,715,N,,,O,0,0,1,0,R,0,0,1,0,O,,,0,0,Importe = PARM1ûDato = PARM2,,,0,1,0,1,,,,,
@,ESPP,ESPP,D,NI,0,,0,1,0,200,N,,,O,0,0,1,0,O,0,0,1,0,O,,,0,0,IMPORTE=PARM1,,,1,1,0,1,,ESPP,,,
@,CFRA,CUOTA FRANCIA,D,NI,0,,0,1,0,700,N,,,R,0,0,1,0,O,0,0,0,0,O,,,0,0,Importe = PARM1,,,0,1,0,1,,,,,
@,DHAB,DESC HABITACION,P,GN,1,,0,1,0,700,N,,,R,0,0,1,0,O,0,0,0,0,O,,,0,0,Importe = PARM1,,,0,1,0,1,,,,,
@,BOAR,BONO DE ARRANQUE,P,GN,1,,0,1,0,150,N,,,O,0,0,1,0,O,0,0,0,0,O,,,0,0,Importe = PARM1,,,0,1,0,1,,,,,
@,DESV,DESCUENTO DE VIATICOS,D,NI,0,,0,1,0,700,N,,,R,0,0,1,0,O,0,0,0,0,O,,,0,0,Importe = PARM1,,,0,1,0,1,,,,,
@,RBTR,RETROACTIVO BONO TURNO,P,GN,0,,0,1,0,16,N,,,O,0,0,0,0,O,0,0,0,0,O,,,0,0,Importe = PARM1ûDato = PARM2,,,0,1,0,1,,RBTR,,,
@,BREF,BONO REFERIDO,P,GN,1,,0,1,0,300,N,,,O,0,0,1,0,O,0,0,1,0,O,,,0,0,Importe = PARM1,,,0,1,0,1,,,,,
@,DVAC,ANTICIPO DE VACACIONES,D,NI,0,,0,1,0,700,N,,,R,0,0,1,0,O,0,0,0,0,O,,,0,0,Importe = PARM1,,,0,1,0,1,,,,,
@,AREN,AYUDA DE RENTA,P,GN,0,,0,0,0,145,N,,,O,0,0,1,0,O,0,0,0,0,O,,,0,0,"IF PARM1 > 0 THENû   Importe = PARM1ûEND ELSEû CCOSTO = REG_EMP<AN_EMP.CCOSTO%>û  IF TIPO_NOM EQ ""NS"" AND CCOSTO = ""1000000018"" THENû       PNOR = DIPM(""PNOR"",""IM"")û      IMPORTE = PNOR * 0.1560û  ENDûEND û",,,1,1,0,1,,,,,
@,CPVA,COMPLEMENTO PRIMA VACACIONAL,P,EE,1,,0,1,0,201,N,,,O,0,0,1,0,O,0,0,0,0,O,,,0,0,Importe = PARM1,,,0,1,0,1,,,,,
@,DCSI,DEVOLUCION CUOTA SINDICAL,P,NI,0,,0,1,0,202,N,,,O,0,0,1,0,O,0,0,0,0,O,,,0,0,Importe = PARM1,,,0,1,0,1,,,,,
@,INFO,INFONAVIT ,X,NI,0,,0,1,0,500,N,,,O,0,0,0,0,O,0,0,0,0,O,,,0,0,,,,0,1,0,0,,,,,
@,SGMM,SGMM,D,NI,0,,0,0,1,611,N,,,R,0,0,1,0,R,0,0,1,0,O,,,0,0,Importe = PARM1,,,0,1,0,1,,,,,
@,@AIC,AJUSTE DE IMPUESTO DIFERENCIA A CARGO,X,NI,0,0,0,0,0,960,N,,,O,0,0,0,0,O,0,0,0,0,O,,,0,0,"ûIMPUESTO = DIPM(""@ISP"",""IM"")ûIF IMPUESTO > 0 THENû    IMPORTE = IMPUESTOûENDû",,,1,1,0,1,,,,,
@,ALIM,ALIMENTACION,P,NI,0,,0,1,0,200,N,,,R,0,0,1,0,O,0,0,0,0,O,,,0,0,Importe = PARM1,,,0,1,0,1,,,,,
@,VGAS,VALES DE GASOLINA,P,EX,1,,0,0,0,300,N,,,R,0,0,1,0,R,0,0,1,0,O,,,0,0,"*****************ûVALOR_GRAL= 0û*****************ûVALOR_DIRS= SAL_MIN * 30.4û*****************ûûFINIPER_EXT =  FECHA(FINIPER,2,""AAAAMMDD"")ûIF TIPO_NOM=""FQ"" THENûIMPORTE=PARM1ûEND ELSEûIF FINIPER_EXT[7,2]*1=16 AND TIPO_NOM=""NQ"" THENûû*IF @USERNAME = ""MANAGER_NOM"" THEN DEBUGûûIF PARM2+0 <> 0 THEN IMPORTE= PARM2; DATO= PARM1; RETURNûû$INSERT TDIASûû*determina fecha de inicioûF_INGRESO_EXT= REG_EMP<AN_EMP.F_INGRESO%>ûF_INI_MES= EJ_FISCAL%:FMT(MES_BASE,""R(0)#2""):""01""ûIF F_INGRESO_EXT > F_INI_MES THENû DIA_INI= F_INGRESO_EXT[7,2]+0ûEND ELSEû DIA_INI= 1ûENDûû*determina fecha de términoûDIA_FIN= 30ûûF_BAJA_INT= DIPC(""@GRA"",""PH"")+0ûIF F_BAJA_INT > 0 THENû DIA_FIN= FECHA(F_BAJA_INT,2,""AAAAMMDD"")[7,2]+0û IF DIA_FIN > 30 THEN DIA_FIN= 30ûENDûûDIAS= DIA_FIN - DIA_INI + 1û*IF PARM1+0 <> 0 THEN DIAS= PARM1ûûIF REG_EMP<AN_EMP.SIN_US045%> = ""PA"" THENû *categorias Director o Superiorû VALOR= VALOR_DIRSûEND ELSEû *categorias inferiores a Directorû VALOR= VALOR_DIRSûENDûûIMPORTE= VALOR/30 * DIASûDATO= DIASûûENDûEND",,,1,1,0,1,,,,,
@,DAYR,ANTICIPO DE AYUDA DE RENTA,D,NI,0,,0,1,0,700,N,,,R,0,0,1,0,O,0,0,0,0,O,,,0,0,Importe = PARM1,,,0,1,0,1,,,,,
@,DAGA,DESCUENTO PROGRAMA PAE,D,NI,0,,0,0,0,700,N,,,O,0,0,1,0,O,0,0,0,0,O,,,0,0,"ûFINIPER_EXT =  FECHA(FINIPER,2,""AAAAMMDD"")ûûIF (FINIPER_EXT[7,2]*1=1 AND TIPO_NOM=""NQ"") THENûImporte = PARM1ûDato = PARM2ûENDû",,,1,1,0,1,,,,,
@,DECI,DEVOLUCION CREDITO INFONAVIT,P,NI,0,,0,1,0,50,N,,,O,0,0,1,0,O,0,0,0,0,O,,,0,0,Importe = PARM1,,,0,1,0,1,,,,,
@,DEVV,DEVV,D,NI,0,,0,0,1,500,N,,,O,0,0,1,0,O,0,0,1,0,O,,,0,0,Importe = PARM1,,,0,1,0,1,,,,,
@,DIET,DIETAS,P,GN,1,,0,1,0,130,N,,,O,0,0,1,0,O,0,0,0,0,O,,,0,0,Importe = PARM1,,,0,1,0,1,,,,,
@,LFAH,LIQUIDACION FONDO DE AHORRO CIA,P,NI,0,,0,1,0,50,N,,,O,0,0,1,0,O,0,0,1,0,O,,,0,0,"if PARM1 > 0 THENû    IMPORTE=  PARM1ûEND ELSEû   Importe = DIPA(""FAHC"",""IM"",EJ_FISCAL%,EJ_FISCAL%)+DIPA(""FAOE"",""IM"",EJ_FISCAL%,EJ_FISCAL%)ûEND",,,1,1,0,1,,,,,
QB,INCE,INCAP. POR ENFERMEDAD,D,GN,0,0,0,1,0,512,N,,,R,1,16,0,0,O,0,0,0,0,O,,,1,5,Importe = SDI@*PARM1ûDato = PARM1,,,0,1,1,1,,,,,
@,PARF,PARTE FIJA DE SALARIO INTEGRADO,X,NI,0,,0,1,0,1,N,,,O,0,0,0,0,O,0,0,0,0,O,,,0,0,IMPORTE = SDI@ * .05û,,,1,1,0,1,,,,,
@,DVAL,VALES DE DESPENSA,P,NI,0,,0,0,0,700,N,,,R,0,0,1,0,O,0,0,0,0,O,,,0,0,"IMP_VALE = DIPM(""VALE"",""IM"")ûIF IMP_VALE THENû    IMPORTE = 0.10ûEND ",,,1,1,0,1,,,,,
@,PFAE,PRESTAMO FONDO DE AHORRO EMP,D,NI,0,,0,1,0,631,N,,,R,0,0,1,0,O,0,0,0,0,O,,,0,0,Importe = PARM1,,,0,1,0,1,,,,,
@,SARV,SAR VOLUNTARIO,P,NI,0,,0,1,0,700,N,,,R,0,0,1,0,O,0,0,0,0,O,,,0,0,Importe = PARM1,,,0,1,0,1,,,,,
@,UTIL,DESCUENTO REPARACIÓN UTILITARIO,D,NI,0,,0,0,1,640,N,,,R,0,0,1,0,R,0,0,1,0,O,,,0,0,Importe = PARM1,,,0,1,0,1,,,,,
@,PVAM,PRIMA VACACIONAL M,P,GN,1,,0,0,0,400,N,,,O,0,0,1,0,O,0,0,1,0,O,,,0,0,Importe = PARM1ûDato = PARM2,,,1,1,0,1,,,,,
@,BPER,BONO PERFORMANCE,P,GN,1,,0,1,0,300,N,,,R,0,0,1,0,O,0,0,0,0,O,,,0,0,Importe = PARM1,,,0,1,0,1,,,,,
@,@CIC,IMPUESTO A CARGO AJUSTE ANUAL,D,NI,0,,0,0,1,960,N,,,O,0,0,1,0,O,0,0,1,0,O,,,0,0,Importe = PARM1ûDato = PARM2-PARM1,,,1,1,0,1,,,,,
@,CLAI,DESCUENTO CLASES DE INGLES,D,NI,0,,0,0,1,640,N,,,R,0,0,1,0,R,0,0,1,0,O,,,0,0,Importe = PARM1,,,0,1,0,1,,,,,
@,PREZ,DESCUENTO DE PRESTEZA,D,NI,0,,0,0,1,800,N,,,R,0,0,1,0,R,0,0,1,0,O,,,0,0,Importe = PARM1,,,0,1,0,1,,,,,
@,TEXD,TIEMPO EXTRA DOBLE,P,EN,1,,5,0,0,146,N,,,O,0,0,1,0,O,0,0,0,0,O,,,0,0,"IF PARM1 > 0 THENû   Importe = PARM1ûEND ELSEû CCOSTO = REG_EMP<AN_EMP.CCOSTO%>û  IF TIPO_NOM EQ ""NS"" AND CCOSTO = ""1000000018"" THENû       PNOR = DIPM(""PNOR"",""IM"")û      IMPORTE = PNOR * 0.266667û  ENDûEND û",,,1,1,0,1,,,,,
@,ADEF,AYUDA DEFUNCION,P,EX,0,,0,1,0,130,N,,,O,0,0,1,0,O,0,0,0,0,O,,,0,0,Importe = PARM1,,,0,1,0,1,,,,,
@,COMP,COMPENSACION,P,GN,1,1,0,1,0,80,N,,,R,0,0,1,0,O,0,0,1,0,O,,,0,0,Importe = PARM1ûDato = PARM2,,,0,1,0,1,,,,,
@,DINB,DINERO DE BOLSILLO,P,GN,1,,0,1,0,110,N,,,O,0,0,1,0,O,0,0,0,0,O,,,0,0,Importe = PARM1,,,0,1,0,1,,,,,
@,PASI,PREMIO DE ASISTENCIA,P,GN,1,,0,1,0,100,N,,,O,0,0,1,0,O,0,0,0,0,O,,,0,0,Importe = PARM1,,,0,1,0,1,,,,,
@,BONE,BONO NOCTURNO ESPANA,P,GN,1,,0,1,0,300,N,,,R,0,0,1,0,O,0,0,0,0,O,,,0,0,Importe = PARM1,,,0,1,0,1,,,,,
@,AJFO,AJUSTE CREDITO FONACOT,D,NI,0,,0,1,0,625,N,,,R,0,0,1,0,O,0,0,0,0,O,,,0,0,Importe = PARM1,,,0,1,0,1,,,,,
@,BORE,BONO DE REPATRIACION,P,GN,1,,0,1,0,300,N,,,R,0,0,1,0,O,0,0,0,0,O,,,0,0,Importe = PARM1,,,0,1,0,1,,,,,
@,HABI,HABITACION,P,GN,0,,0,1,0,300,N,,,R,0,0,1,0,O,0,0,0,0,O,,,0,0,Importe = PARM1,,,0,1,0,1,,,,,
@,AYVI,AYUDA DE VIVIENDA,P,EX,0,,0,1,0,201,N,,,O,0,0,1,0,O,0,0,0,0,O,,,0,0,Importe = PARM1,,,0,1,0,1,,,,,
@,DIPA,CHECAR,P,NI,0,,0,0,0,9999,N,,,O,0,0,0,0,O,0,0,0,0,O,,,0,0,Importe = PARAMETRO1,,,0,1,0,1,,CHECAR,,,
@,VDES,VALES DE DESPENSA,P,GN,0,,0,1,0,102,N,,,O,500,500,0,0,O,0,0,0,0,O,,,0,0,Importe = PARM1,,,0,1,0,1,,,,,
@,ANTI,ANTICIPO DE NOMINA,P,GN,1,,0,1,0,50,N,,,O,0,0,1,0,O,0,0,1,0,O,,,0,0,Importe = PARM1,,,0,1,0,1,,,,,
@,PPSD,PARTE PROPORCIONAL SEPTIMO DIA,P,GN,1,,0,1,0,103,N,,,O,0,0,1,0,O,0,0,0,0,O,,,0,0,Importe = PARM1,,,1,1,0,1,,,,,
@,REED,REMBOLSO DESCUENTO,P,GN,1,,0,1,0,50,N,,,R,0,0,1,0,O,0,0,1,0,O,,,0,0,Importe = PARM1*SDI@,,,0,1,0,1,,,,,
@,COPU,COMPLEMENTO PTU 2021,P,EE,1,,15,1,0,30,N,,,O,0,0,0,0,O,0,0,0,0,O,,,0,0,Importe = PARM1,,,0,1,1,1,,,,,
@,SEGV,SEGURO DE VIVIENDA,D,NI,0,,0,0,0,980,N,,,O,0,0,1,0,O,0,0,0,0,O,,,0,0,"$INSERT AN_TIPOSûIF PARM1=0 THEN RETURNûûINFO=DIPM(""DPIE"",""IM"")+DIPM(""DPIF"",""IM"")+DIPM(""DPIE"",""IM"")ûûIF INFO>0 THENûIMPORTE=15ûRETURNûENDûûVALOR = 7.50ûIF PARM1 > 0 THENû       IMPORTE  = PARM1ûEND ELSEû  TP = REG_TIPO<AN_TIPOS.PERIODICIDAD%>û   IF TP EQ ""S"" THEN û     PERIODOS = 4û   END ELSEû    PERIODOS = 2û   ENDû  IMPORTE = VALOR/ PERIODOSûENDû",,,1,1,0,1,,,,,
@,BNOR,BONO NOCTURNO,P,GN,1,,0,1,0,300,N,,,R,0,0,1,0,O,0,0,0,0,O,,,0,0,Importe = SDI@/8*2,,,0,1,0,1,,,,,
@,DALI,DESC ALIMENTACION,D,NI,0,,0,1,0,700,N,,,R,0,0,1,0,O,0,0,0,0,O,,,0,0,Importe = PARM1,,,0,1,0,1,,,,,
@,IFAH,INTERES FONDO DE AHORRO,P,NI,0,0,0,1,0,290,N,,,R,0,0,1,0,O,0,0,1,0,O,,,0,0,Importe = PARM1ûDato = PARM2,,,0,1,0,1,,,,,
@,IMSS,CUOTA IMSS PAGADA POR EL PATRON,E,NI,0,,0,0,0,899,N,,,O,0,0,0,0,O,0,0,0,0,O,,,0,0,,,,0,1,0,0,,,,,
@,CESP,COMPENSACION ESPECIAL,P,GN,1,,0,1,0,101,N,,,O,0,0,1,0,O,0,0,0,0,O,,,0,0,Importe = PARM1,,,0,1,0,1,,,,,
@,AYRE,AYUDA DE RENTA,P,GN,0,,0,1,0,300,N,,,R,0,0,1,0,O,0,0,0,0,O,,,0,0,Importe = PARM1,,,0,1,0,1,,,,,
@,INRG,INGRESOS POR RETIRO,P,GN,1,,0,1,0,300,N,,,R,0,0,1,0,O,0,0,0,0,O,,,0,0,Importe = PARM1,,,0,1,0,1,,,,,
@,DTAE,DESCUENTO TARJETA EXTRAVIADA,D,NI,1,,0,1,0,700,N,,,O,0,0,1,0,O,0,0,0,0,O,,,0,0,IF PARM1+0 = 0 THEN PARM1= 174ûûImporte = PARM1,,,1,1,0,1,,,,,
@,BONC,BONO DE CAMPO,P,GN,1,,0,1,0,105,N,,,O,0,0,1,0,O,0,0,0,0,O,,,0,0,Importe = PARM1,,,0,1,0,1,,,,,
@,INCV,INCENTIVO,P,GN,1,,0,1,0,61,N,,,O,0,0,1,0,O,0,0,0,0,O,,,0,0,Importe =( PARM1/100)*5000,,,1,1,0,1,,,,,
@,PPER,PRESTAMO PERSONAL,D,NI,0,,0,0,1,630,N,,,R,0,0,1,0,R,0,0,1,0,O,,,0,0,Importe = PARM1ûDato = PARM2,,,0,1,0,1,,,PRE1,,
@,RGAS,REEMBOLSO DE GASTOS,P,NI,0,,0,1,0,10,N,,,R,0,0,1,0,O,0,0,1,0,O,,,0,0,Importe = PARM1,,,0,1,0,1,,,,,
@,SABE,SALARIO BASE ESTADOS UNIDOS,P,GN,1,,0,1,0,300,N,,,R,0,0,1,0,O,0,0,0,0,O,,,0,0,Importe = PARM1,,,0,1,0,1,,,,,
@,BOAL,BONO DE ALIMENTOS,P,GN,1,,0,1,0,106,N,,,O,0,0,1,0,O,0,0,0,0,O,,,0,0,Importe = PARM1,,,0,1,0,1,,,,,
@,BONP,BONO DE PRODUCTIVIDAD,P,GN,1,,0,1,0,50,N,,,R,0,0,1,0,O,0,0,0,0,O,,,0,0,Importe = PARM1,,,0,1,0,1,,,,,
@,DESP,DESPENSA,P,GN,1,,0,0,0,145,N,,,O,0,0,1,0,O,0,0,0,0,O,,,0,0,"IF PARM1 > 0 THENû   Importe = PARM1ûEND ELSEû CCOSTO = REG_EMP<AN_EMP.CCOSTO%>û  IF TIPO_NOM EQ ""NS"" AND CCOSTO = ""1000000018"" THENû       PNOR = DIPM(""PNOR"",""IM"")û      IMPORTE = PNOR * 0.31û  ENDûEND û",,,1,1,0,1,,,,,
@,DADI,DIA ADICIONAL AL PERIODO,P,GN,1,,0,1,0,300,N,,,O,0,0,0,0,O,0,0,0,0,O,,,0,0,Importe = SDI@*PARM1ûdato = PARM1,,,1,1,0,1,,,,,
@,SUBC,SUBCONTRATACIONES,X,NI,0,,0,0,0,1,N,,,R,0,0,1,0,O,0,0,0,0,O,,,0,0,Importe = PARM1,,,0,1,0,1,,,,,
@,TOTD,TOTAL DEDUCCIONES,X,NI,0,,0,1,0,500,N,,,O,0,0,0,0,O,0,0,0,0,O,,,0,0,,,,0,1,0,0,,,,,
@,VACN,VACACIONES NO GOZADAS,P,GN,1,,0,1,0,2,N,,,O,0,0,1,0,O,0,0,0,0,O,,,0,0,Importe = SDI@*PARM1ûDato = PARM1,,,0,1,0,1,,,,,
@,I@02,IMPUESTO ESTATAL  BAJA CALIFORNIA,E,NI,0,,0,0,0,917,N,,,O,0,0,1,0,O,0,0,1,0,O,,,0,0,"/*ûMecánica:û-Obtiene la Base sumando los DIPs definidos en el catálogo maestro cuya clave es igual a la clave de este DIPû-Obtiene la tasa del catálogo CEDO y obtiene el impuesto sobre nominas del empleadoû*/ûû$INSERT AN_CATALOGOSû$INSERT AN_RECINTOSûû*IF @USERNAME = ""MANAGER_NOM"" THEN DEBUGûûWRECINTO = REG_EMP<AN_EMP.RECINTO%>ûCALL IO_READ(REG,""AN_RECINTOS"","""",WRECINTO,"""",0,ST)ûIF ST = 0 THENû    ENT.FED = REG<AN_RECINTOS.ENT_FED%>û    IF ENT.FED <>  ""02"" THEN û       RETURNû   END ELSEû      BASE= 0û     *obtiene Baseû     CALL IO_READ(REG_CAT,""AN_CATALOGOS"","""",CLV_DIP,"""",1,STATUS)û     FOR CONT1= 1 TO COUNT(REG_CAT<AN_CATALOGOS.CLAVES%>,@VM)+1û IF TRIM(REG_CAT<AN_CATALOGOS.CAMPO_3%,CONT1>) = ""S"" OR TRIM(REG_CAT<AN_CATALOGOS.CAMPO_3%,CONT1>) = ""s"" OR TRIM(REG_CAT<AN_CATALOGOS.CAMPO_3%,CONT1>) = """" THENû  BASE+= DIPM(TRIM(REG_CAT<AN_CATALOGOS.CLAVES%,CONT1>),""IM"")û END ELSEû  BASE-= DIPM(TRIM(REG_CAT<AN_CATALOGOS.CLAVES%,CONT1>),""IM"")û ENDû      NEXT CONT1ûû      TASA= 0û      *obtiene Tasaû      CALL IO_READ(REG_CAT,""AN_CATALOGOS"","""",""CEDO"","""",1,STATUS)û      LOCATE CLV_DIP[3,2] IN REG_CAT<AN_CATALOGOS.CLAVES%> USING @VM SETTING POS THENû TASA= REG_CAT<AN_CATALOGOS.CAMPO_3%,POS>û      ENDûû     IMPORTE= BASE * TASA / 100û     DATO= BASEû    ENDûEND",,,1,1,0,1,,,,,
@,ORPR,ORIGEN DE RECURSO PROPIO,X,NI,0,,0,1,0,500,N,,,O,0,0,1,0,O,0,0,1,0,O,,,0,0,Importe = 1,,,0,1,0,1,,,,,
@,SALM,SEPARACION E INDEMNIZACION SALARIO MENS),X,NI,0,,0,1,0,800,N,,,O,0,0,1,0,O,0,0,0,0,O,,,0,0,"IF PARM1 > 0 THENû  IMPORTE = PARM1ûEND ELSEû  SALARIO = REG_EMP<AN_EMP.SAL_MENS%>û  IMPORTE = OCONV(SALARIO,""MD2"")ûEND",,,1,1,0,1,,,,,
@,BONF,BONO FLEXIBLE,P,GN,1,,0,0,0,103,N,,,O,0,0,1,0,O,0,0,0,0,O,,,0,0,Importe = PARM1,,,0,1,0,1,,,,,
@,DIMA,ESTADISTICO ENCAPACIDAD MAT,X,NI,0,,0,1,0,500,N,,,O,0,0,0,0,O,0,0,0,0,O,,,0,0,Importe = PARM1*SDI@ûDato = PARM1,,,0,1,0,1,,,,,
@,INFV,INFONAVIT VOLUNTARIO,P,NI,0,,0,1,0,700,N,,,R,0,0,1,0,O,0,0,0,0,O,,,0,0,Importe = PARM1,,,0,1,0,1,,,,,
@,RETA,NUM. RETARDOS DEL PERIODO,X,NI,0,,0,1,0,800,N,,,O,0,0,1,0,O,0,0,1,0,O,,,0,0,Importe = PARM1ûDato = PARM2,,,0,1,0,1,,,,,
@,SABM,SALARIO BASE MEXICO,P,GN,1,,0,1,0,300,N,,,R,0,0,1,0,O,0,0,0,0,O,,,0,0,Importe = PARM1,,,0,1,0,1,,,,,
@,ACOM,AYUDA COMEDOR,P,GN,0,,0,1,0,104,N,,,O,400,800,0,0,O,0,0,0,0,O,,,0,0,Importe = 800,,,0,1,0,1,,,,,
@,APVM,ANTICIPO PRIMA VAC MEXICO,P,GN,1,,0,1,0,300,N,,,R,0,0,1,0,O,0,0,0,0,O,,,0,0,Importe = PARM1,,,0,1,0,1,,,,,
@,ATRA,AYUDA DE TRANSPORTE,P,GN,1,,0,1,0,150,N,,,O,0,0,1,0,O,0,0,0,0,O,,,0,0,"IF PARM1 > 0 THENû   Importe = PARM1ûEND ELSEû CCOSTO = REG_EMP<AN_EMP.CCOSTO%>û  IF TIPO_NOM EQ ""NS"" AND CCOSTO = ""1000000018"" THENû       PNOR = DIPM(""PNOR"",""IM"")û      IMPORTE = PNOR * 0.14û  ENDûEND û",,,1,1,0,1,,,,,
@,INAJ,INFONAVIT AJUSTE,D,NI,0,,0,0,1,700,N,,,R,0,0,1,0,O,0,0,1,0,O,,,0,0,Importe = PARM1ûDato = PARM2û,,,1,1,0,1,,,,,
@,DAPV,ANTICIPO PRIMA VAC EUA,D,NI,0,,0,1,0,700,N,,,R,0,0,1,0,O,0,0,0,0,O,,,0,0,Importe = PARM1,,,0,1,0,1,,,,,
@,GASO,GASOLINA,E,NI,0,,0,1,0,200,N,,,R,0,0,1,0,O,0,0,0,0,O,,,0,0,Importe = PARM1,,,0,1,0,1,,,,,
@,INRE,INGRESOS EXENTOS POR RETIRO,P,GN,1,,0,1,0,300,N,,,R,0,0,1,0,O,0,0,0,0,O,,,0,0,Importe = PARM1,,,0,1,0,1,,,,,
@,AREM,AYUDA REYES MAGOS,P,GN,0,,0,1,0,105,N,,,O,800,800,0,0,O,0,0,0,0,O,,,0,0,,,,0,1,0,0,,,,,
@,DRET,DESCUENTO POR RETARDOS,D,NI,0,,0,1,0,700,N,,,R,0,0,1,0,O,0,0,0,0,O,,,0,0,Importe = SDI@*PARM1,,,0,1,0,1,,,,,
@,SPHN,SALARIO POR HORAS,P,GN,1,,0,1,0,40,N,,,O,0,0,1,0,O,0,0,0,0,O,,,0,0,Importe = SDI@/8*PARM1,,,0,1,0,1,,,,,
@,OTDE,OTROS DESCUENTOS,D,NI,0,,0,1,0,838,N,,,R,0,0,1,0,O,0,0,1,0,O,,,0,0,Importe = PARM1ûDato = PARM2,,,1,1,0,1,,,,,
@,AJCI,AJUSTE CREDITO INFONAVIT,D,NI,0,,0,1,0,862,N,,,R,0,0,1,0,O,0,0,1,0,O,,,0,0,Importe = PARM1ûDato = PARM2,,,1,1,0,1,,,,,
@,@BOH,HONORARIOS ASIMILADOS,P,GN,1,,0,1,0,510,N,,,R,0,0,1,0,O,0,0,1,0,O,,,0,0,Importe = PARM1,,,1,1,0,1,,,,,
@,@CIF,COMPENSACION DE IMPUESTOS SALDO A FAVOR,D,NI,0,0,0,1,0,960,N,,,O,0,0,1,0,O,0,0,1,0,O,,,0,0,"IMP_FAVOR = PARM1ûACUMULADO = DIPA(""@CIF"",""IM"",EJ_FISCAL%,EJ_FISCAL%)ûIMPUESTO = DIPM(""@ISP"",""IM"")ûSALDO = IMP_FAVOR - ACUMULADOûIF SALDO > IMPUESTO THENûIMPORTEF = IMPUESTOûEND ELSEûIMPORTEF = SALDOûENDûIMPORTE = IMPORTEF",,,1,1,0,1,,,,,
@,INFA,INTERESES DEL FONDO,P,GN,0,,0,1,0,300,N,,,R,0,0,1,0,O,0,0,0,0,O,,,0,0,Importe = PARM1,,,0,1,0,1,,,,,
@,INAD,INFONAVIT ADEUDO,D,NI,0,,0,0,1,700,N,,,R,0,0,1,0,O,0,0,1,0,O,,,0,0,Importe = PARM1ûDato = PARM2ûû,,,1,1,0,1,,,,,
NI,PNOR,SUELDO NORMAL,P,GN,1,,0,0,0,1,N,,,O,0,0,1,0,O,0,0,0,0,O,,,0,0,"* JGG 28/05/02  modificacion concepto original para que pague unicamente los dias del periodo o los queû* el empleado tenga como fecha de ingreso a la fecha de termino del periodo.û* Si se pone en parametro 1 la cantidad de dias a pagar el sistema pague unicamente esos dias..ûû************ûû*MRM 07/05/2007  Cuando el mes es 31 û$INSERT AN_CAL_PERIODOSû$INSERT AN_TIPOSûPERIODO= REG_TIPO<AN_TIPOS.NUM_PER_ACTUAL%>ûLL.CAL.PER=""""ûLL.CAL.PER= TIPO_NOM:""*"":EJ_FISCAL%:""*"":PERIODOûREG_CAL= """"ûCALL IO_READ(REG_CAL,""AN_CAL_PERIODOS"","""",LL.CAL.PER,"""",1,SW_RD)ûIF SW_RD EQ 0 THENûDIAS.PER.REAL = REG_CAL<AN_CAL_PERIODOS.DIAS_PERIODO%>ûENDû************ûIF PARM1 NE 0 AND PARM1 NE """" THENû    DIAS.TRABAJADOS = PARM1ûEND ELSEû   DIAS.TRABAJADOS = DIAS_PERû   FECHA.INGRESO                   = REG_EMP<AN_EMP.F_INGRESO%>û   FECHA.INGRESO.JUL            = FECHA(FECHA.INGRESO,1,""AAAAMMDD"")û   IF FECHA.INGRESO.JUL >  FINIPER THEN û      IF FECHA.INGRESO.JUL LE FTERPER THENû          DIAS.TRABAJADOS = FTERPER - FECHA.INGRESO.JUL + 1û          *MRMû          IF DIAS.PER.REAL=31 THEN DIAS.TRABAJADOS = FTERPER - FECHA.INGRESO.JUL           û      END ELSE û          DIAS.TRABAJADOS = 0û     END û  ENDûENDûDIASV = 0ûIF DIAS.TRABAJADOS > 30 THEN DIAS.TRABAJADOS = 30û LOCATE ""Finiquito"" IN REG_EMP_INCI<AN_EMP_INCI.REFERENCIA%> USING @VM SETTING POSF ELSEû     DIASV = DIPC(""@VAC"",""TP1"")û ENDûDIAS.TRABAJADOS = DIAS.TRABAJADOS -  DIASVûûSALARIO.DIARIO      = SDI@û* SALARIO.MENSUAL = REG_EMP<AN_EMP.SAL_MENS%>û* SALARIO.DIARIO    = SALARIO.MENSUAL / 30ûû  IMPORTE = SALARIO.DIARIO * DIAS.TRABAJADOSû  DATO       = DIAS.TRABAJADOSûLOCATE ""Finiquito"" IN REG_EMP_INCI<AN_EMP_INCI.REFERENCIA%> USING @VM SETTING POSF THENû   DIAS_PER = DATOûENDûû",,,1,1,0,1,,,,,
@,OTRD,OTRAS DEDUCCIONES,D,NI,0,,0,1,0,600,N,,,O,0,0,1,0,O,0,0,1,0,O,,,0,0,Importe = PARM1ûDato = PARM2ûû,,,1,1,0,1,,,,,
@,DAYD,DESC AYUDA DEFUNCION,D,NI,0,,0,1,0,630,N,,,R,0,0,1,0,O,0,0,0,0,O,,,0,0,Importe = PARM1,,,0,1,0,1,,,,,
@,BPUN,BONO PUNTUALIDAD,P,GN,1,,0,1,0,300,N,,,R,0,0,1,0,O,0,0,0,0,O,,,0,0,Importe = PARM1,,,0,1,0,1,,,,,
@,OTRR,OTROS REEMBOLSOS,P,GN,1,,0,1,0,300,N,,,R,0,0,1,0,O,0,0,0,0,O,,,0,0,Importe = PARM1,,,0,1,0,1,,,,,
@,PSGS,PERMISO SIN GOCE DE SUELDO,D,GN,1,0,0,1,0,605,N,,,R,0,0,1,0,O,0,0,1,0,O,,,0,0,"IF PARM2 NE """" AND PARM2 NE 0 THEN IMPORTE= PARM2; DATO= PARM1; RETURNûû$INSERT AN_TIPOSûû*obtiene ausentismoûDIAS_AUSE= 0ûFINIPER_EXT=  FECHA(FINIPER,2,""AAAAMMDD"")ûCALL TABLAS_IMSS(""@IMS"", ZONA_ECO, FINIPER_EXT, PORCENTAJE, IMP_TOPE, IMP_TOPE_EXE, FALTAS,INCAPACIDADES, STATUS)ûFOR CONT1= 1 TO COUNT(FALTAS, @VM) + 1û DIAS_AUSE+= DIPM(FALTAS<1,CONT1>, ""DA"")ûNEXT CONT1ûFOR CONT1= 1 TO COUNT(INCAPACIDADES, @VM) + 1û DIAS_AUSE+= DIPM(INCAPACIDADES<1,CONT1>, ""DA"")ûNEXT CONT1ûûIF REG_TIPO<AN_TIPOS.PERIODICIDAD%> = ""S"" THENû DIAS_JOR= DIAS_PERû û DIAS_DISP= DIAS_JOR - DIAS_AUSEû IF DIAS_DISP <= 0 THEN DIAS_DISP= 0û IF PARM1 > DIAS_DISP THEN DIAS_DESC= DIAS_DISP ELSE DIAS_DESC= PARM1ûû  FACTOR = 1ûEND ELSEû DIAS_DESC= PARM1û FACTOR= 1ûENDûûIF PARM1 < 1 AND PARM1 > -1 THENû IMPORTE= SDI@/8*DIAS_DESC*10*FACTORûEND ELSEû IMPORTE= SDI@*DIAS_DESC*FACTORûENDûDATO= PARM1",,,1,1,0,1,,,,,
@,TOTP,TOTAL DE PERCEPCIONES,X,NI,0,,0,1,0,500,N,,,O,0,0,0,0,O,0,0,0,0,O,,,0,0,,,,0,1,0,0,,,,,
@,VIAC,AJUSTE DE VIATICOS,D,NI,0,,0,1,0,500,N,,,O,0,0,0,0,O,0,0,0,0,O,,,0,0,"Importe = PARM1; û*DIPC(""VIAD"",""TP1"")+DIPC(""VIAN"",""TP1"")+DIPC(""@BOV"",""TP1"")",,,1,1,0,1,,,,,
@,DFON,DEVOLUCION CREDITO FONACOT,P,NI,0,,0,1,0,202,N,,,O,0,0,1,0,O,0,0,0,0,O,,,0,0,Importe = PARM1,,,0,1,0,1,,,,,
@,@AIF,AJUSTE DE IMPUESTOS SALDO A FAVOR,X,NI,0,0,0,0,0,960,N,,,O,0,0,0,0,O,0,0,0,0,O,,,0,0,"ûimpuesto = DIPM(""@ISP"",""IM"")ûIF IMPUESTO  < 0 THENû  IMPORTE = IMPUESTO * -1ûENDû",,,1,1,0,1,,,,,
@,AYUC,AYUDA DE COMEDOR,P,EX,1,,0,1,0,200,N,,,O,0,0,1,0,O,0,0,0,0,O,,,0,0,Importe = PARM1,,,0,1,0,1,,,,,
@,APVE,ANTICIPO PRIMA VAC EUA,P,GN,1,,0,1,0,300,N,,,R,0,0,1,0,O,0,0,0,0,O,,,0,0,Importe = PARM1,,,0,1,0,1,,,,,
@,VNDI,VNDI,X,NI,0,,0,1,0,500,N,,,O,0,0,0,0,O,0,0,0,0,O,,,0,0,,,,0,1,0,0,,,,,
@,AFAH,Acumulado Fondo de Ahorro,E,NI,0,0,0,1,0,800,N,,,O,0,0,1,0,O,0,0,1,0,O,,,0,0,,,,0,1,0,0,,,,,
@,SALP,SALARIO PROMEDIO FINIQUITO,X,NI,0,,0,1,0,1,N,,,R,0,0,1,0,O,0,0,0,0,O,,,0,0,Importe = PARM1,,,0,1,0,1,,,,,
@,CUOF,CUOTA FEDERADA SINDICALIZADO,D,NI,0,,0,1,0,900,N,,,O,0,0,1,0,O,0,0,0,0,O,,,0,0,Importe = PARM1,,,0,1,0,1,,,,,
@,PPUN,PREMIO DE PUNTUALIDAD,P,GN,1,,0,1,0,100,N,,,O,0,0,1,0,O,0,0,0,0,O,,,0,0,Importe = PARM1,,,0,1,0,1,,,,,
@,DIRT,ESTADISTICO ENCAPACIDAD RT,X,NI,0,,0,1,0,500,N,,,O,0,0,0,0,O,0,0,0,0,O,,,0,0,Importe = PARM1*SDI@ûDato = PARM1,,,0,1,0,1,,,,,
@,I@25,IMPUESTO ESTATAL SINALOA,E,NI,0,,0,0,0,928,N,,,O,0,0,1,0,O,0,0,1,0,O,,,0,0,"/*ûMecánica:û-Obtiene la Base sumando los DIPs definidos en el catálogo maestro cuya clave es igual a la clave de este DIPû-Obtiene la tasa del catálogo CEDO y obtiene el impuesto sobre nominas del empleadoû*/ûû$INSERT AN_CATALOGOSû$INSERT AN_RECINTOSûû*IF @USERNAME = ""MANAGER_NOM"" THEN DEBUGûûWRECINTO = REG_EMP<AN_EMP.RECINTO%>ûCALL IO_READ(REG,""AN_RECINTOS"","""",WRECINTO,"""",0,ST)ûIF ST = 0 THENû    ENT.FED = REG<AN_RECINTOS.ENT_FED%>û    IF ENT.FED <>  ""25"" THEN û       RETURNû   END ELSEû      BASE= 0û     *obtiene Baseû     CALL IO_READ(REG_CAT,""AN_CATALOGOS"","""",CLV_DIP,"""",1,STATUS)û     FOR CONT1= 1 TO COUNT(REG_CAT<AN_CATALOGOS.CLAVES%>,@VM)+1û IF TRIM(REG_CAT<AN_CATALOGOS.CAMPO_3%,CONT1>) = ""S"" OR TRIM(REG_CAT<AN_CATALOGOS.CAMPO_3%,CONT1>) = ""s"" OR TRIM(REG_CAT<AN_CATALOGOS.CAMPO_3%,CONT1>) = """" THENû  BASE+= DIPM(TRIM(REG_CAT<AN_CATALOGOS.CLAVES%,CONT1>),""IM"")û END ELSEû  BASE-= DIPM(TRIM(REG_CAT<AN_CATALOGOS.CLAVES%,CONT1>),""IM"")û ENDû      NEXT CONT1ûû      TASA= 0û      *obtiene Tasaû      CALL IO_READ(REG_CAT,""AN_CATALOGOS"","""",""CEDO"","""",1,STATUS)û      LOCATE CLV_DIP[3,2] IN REG_CAT<AN_CATALOGOS.CLAVES%> USING @VM SETTING POS THENû TASA= REG_CAT<AN_CATALOGOS.CAMPO_3%,POS>û      ENDûû     IMPORTE= BASE * TASA / 100û     DATO= BASEû    ENDûEND",,,1,1,0,1,,,,,
@,D107,AJUSTE AL SUBSIDIO CAUSADO,D,GN,0,,0,0,0,950,N,,,O,0,0,0,0,O,0,0,0,0,O,,,0,0,"CSUB = DIPM(""CSUB"",""IM"")ûIF CSUB > 0 THENû    DCSUB = DIPM(""CSUB"",""DA"")û    IF DCSUB EQ 0 THENû       SEC = DIPA(""@SEC"",""IM"",EJ_FISCAL%:MES_BASE,EJ_FISCAL%:MES_BASE)û       IMPORTE = SECû    END ELSEû       IMPORTE = CSUBû    ENDûENDû",,,1,1,0,1,,,,,
@,FAHO,FONDO DE AHORRO TOTAL,X,NI,0,0,0,1,0,50,N,,,O,0,0,1,0,O,0,0,1,0,O,,,0,0,"IF PARM2 NE """" AND PARM2 NE 0 THEN IMPORTE= PARM2; DATO= PARM1; RETURNûûIF @USERNAME = ""MANAGER_NOM"" THEN DEBUGûûBEGIN CASEû CASE REG_TIPO<AN_TIPOS.PERIODICIDAD%> = ""S""û  PORCENTAJE= 6.50û CASE REG_TIPO<AN_TIPOS.PERIODICIDAD%> = ""Q""û  PORCENTAJE= 10.00û CASE 1û  PORCENTAJE= 10.00ûEND CASEûû*Se calcula el tope gravado como el 13% de 10 Salarios MinimosûTOPE_DIA= SAL_MIN*30.4167/30*10*13/100ûSAL_FULL= SDI@*PORCENTAJE/100ûûSAL_EXCESO= 0ûIF SAL_FULL > TOPE_DIA THENû SAL_DIA= TOPE_DIAû SAL_EXCESO= SAL_FULL - TOPE_DIAûEND ELSEû SAL_DIA= SAL_FULLûENDûû*Se calculan los dias trabajadosûDIAS_TRA=  DIPM(""PNOR"",""DA"") + DIPM(""22"",""DA"") + DIPC(""RFAL"",""TP1"")û ûLOCATE ""RRET"" IN REG_EMP_INCI<AN_EMP_INCI.CLV_DIP%> USING @VM SETTING POS_RRET THENû FOR CONT1= POS_RRET TO COUNT(REG_EMP_INCI<AN_EMP_INCI.CLV_DIP%>, @VM) + 1û  IF REG_EMP_INCI<AN_EMP_INCI.CLV_DIP%, CONT1> = ""RRET"" THENû   TURNO= REG_EMP_INCI<AN_EMP_INCI.REFERENCIA%, CONT1>û   GOSUB GET_HRSû   û   IF HRS_TURNO <> 0 AND HRS_TURNO <> """" THENû    DIAS_TRA+= (REG_EMP_INCI<AN_EMP_INCI.PARAM1%, CONT1>/100)/HRS_TURNOû   ENDû  ENDû NEXT CONT1ûENDûûFINIPER_EXT =  FECHA(FINIPER,2,""AAAAMMDD"")ûCALL TABLAS_IMSS(""@IMS"", ZONA_ECO, FINIPER_EXT, PORCENTAJE, IMP_TOPE, IMP_TOPE_EXE, FALTAS,INCAPACIDADES, STATUS)ûFOR CONT1= 1 TO COUNT(FALTAS, @VM) + 1û IF FALTAS<1,CONT1><>""507"" THENû  *DIPS QUE DESCUENTAN DIAS COMPLETOSû  DIAS_TRA-= DIPC(FALTAS<1,CONT1>, ""TP1"")û END ELSEû  LOCATE ""507"" IN REG_EMP_INCI<AN_EMP_INCI.CLV_DIP%> USING @VM SETTING POS_507 THENû   FOR CONT2= POS_507 TO COUNT(REG_EMP_INCI<AN_EMP_INCI.CLV_DIP%>, @VM) + 1û    IF REG_EMP_INCI<AN_EMP_INCI.CLV_DIP%, CONT2> = ""507"" THENû     *CONVERTIR PARA EL DIP 507û     TURNO= REG_EMP_INCI<AN_EMP_INCI.REFERENCIA%, CONT2>û     GOSUB GET_HRSû     DIAS_TRA-= (REG_EMP_INCI<AN_EMP_INCI.PARAM1%, CONT2>/100)/HRS_TURNOû    ENDû   NEXT CONT2û  ENDû ENDûNEXT CONT1ûûDIAS_INCA= 0ûFOR CONT1= 1 TO COUNT(INCAPACIDADES, @VM) + 1û DIAS_INCA+= DIPC(INCAPACIDADES<1,CONT1>, ""TP1"")ûNEXT CONT1ûûIF PERIODICIDAD = ""S"" THEN DIAS_INCA= DIAS_INCA * 7/(HRT@/HRD@)ûDIAS_TRA-= DIAS_INCAûûIF DIAS_TRA < 0 THEN DIAS_TRA= 0ûûIMPORTE= SAL_DIA*DIAS_TRAûDATO= DIAS_TRAûRETURNûû*********ûGET_HRS:û*********û IF TURNO NE """" AND TURNO NE REG_EMP<AN_EMP.TURNO%> THENû  CALL IO_READ(REGT,""AN_TAB_TURNO"","""",TURNO,"""",1,STATUS)û  HRS_TURNO= REGT<AN_TAB_TURNO.HRS_DIA%> / 100û END ELSEû  HRS_TURNO= HRD@û ENDûRETURNûû/*ûIF SAL_EXCESO > 0 THENû IMP_EXCESO= SAL_EXCESO*DIAS_TRAû û LOCATE ""ODE1"" IN REG_MOVTO<AN_EMP_MOVTOS.CLV_DIP_D%> USING @VM SETTING POS_ODE1 THEN NULLû IF POS_ODE1 <= 0 THEN POS_ODE1= 1û û REG_MOVTO<AN_EMP_MOVTOS.CLV_DIP_D%, POS_ODE1>= ""ODE1""û REG_MOVTO<AN_EMP_MOVTOS.IMP_D%, POS_ODE1>= IMP_EXCESO*100û REG_MOVTO<AN_EMP_MOVTOS.DATO_D%, POS_ODE1>= DIAS_TRA*100û REG_MOVTO<AN_EMP_MOVTOS.IMP_GRAV_D%, POS_ODE1>= IMP_EXCESO*(-100)û REG_MOVTO<AN_EMP_MOVTOS.IMP_EXE_D%, POS_ODE1>= 0û REG_MOVTO<AN_EMP_MOVTOS.FECHA_D%, POS_ODE1>= FINIPER_EXTû REG_MOVTO<AN_EMP_MOVTOS.CCOSTO_D%, POS_ODE1>= REG_EMP<AN_EMP.CCOSTO%>û REG_MOVTO<AN_EMP_MOVTOS.REFER_D%, POS_ODE1>= ""FAHE""ûENDû*/",,,1,1,0,1,,,,,
@,AHOR,AHORROS FONDO,P,GN,0,0,0,1,0,280,N,,,O,0,0,1,0,O,0,0,1,0,O,,,0,0,"IF PARM2 NE """" AND PARM2 NE 0 THEN IMPORTE= PARM2; DATO= PARM1; RETURNûûIF @USERNAME = ""MANAGER_NOM"" THEN DEBUGûû*solo calcular en finiquitoûLOCATE ""Finiquito"" IN REG_EMP_INCI<AN_EMP_INCI.REFERENCIA%> USING @VM SETTING POS ELSE RETURNûû$INSERT AN_TIPOSûPERIODICIDAD= REG_TIPO<AN_TIPOS.PERIODICIDAD%>ûûBEGIN CASEû CASE REG_TIPO<AN_TIPOS.PERIODICIDAD%> = ""S""û  PORCENTAJE= 6.50û CASE REG_TIPO<AN_TIPOS.PERIODICIDAD%> = ""Q""û  PORCENTAJE= 10.00û CASE 1û  PORCENTAJE= 10.00ûEND CASEûûSAL_FULL= SDI@*PORCENTAJE/100ûSAL_DIA=SAL_FULLûû*Se calculan los dias trabajadosûIF PARM1 NE 0 AND PARM1 NE """" THENû DIAS_TRA= PARM1ûEND ELSEû DIAS_TRA= DIPM(""PNOR"",""DA"") + DIPM(""@VAC"",""DA"") + DIPM(""SDIA"",""DA"")û IF DIAS_TRA <= 0 THEN RETURNûENDûû*obtiene ausentismoûDIAS_AUSE= 0ûFINIPER_EXT=  FECHA(FINIPER,2,""AAAAMMDD"")ûCALL TABLAS_IMSS(""@IMS"", ZONA_ECO, FINIPER_EXT, PORCENTAJE, IMP_TOPE, IMP_TOPE_EXE, FALTAS,INCAPACIDADES, STATUS)ûFOR CONT1= 1 TO COUNT(FALTAS, @VM) + 1û DIAS_AUSE+= DIPC(FALTAS<1,CONT1>, ""TP1"")ûNEXT CONT1ûFOR CONT1= 1 TO COUNT(INCAPACIDADES, @VM) + 1û DIAS_AUSE+= DIPC(INCAPACIDADES<1,CONT1>, ""TP1"")ûNEXT CONT1ûûIF PERIODICIDAD = ""S"" THEN DIAS_AUSE= DIAS_AUSE * 7/(HRT@/HRD@)ûDIAS_TRA-= DIAS_AUSEûIF DIAS_TRA < 0 THEN DIAS_TRA= 0ûûIMPORTE= SAL_DIA*DIAS_TRAûDATO= DIAS_TRA",,,1,1,0,1,,,,,
@,SUBM,SUBSIDIO POR INCAPACIDAD POR MATERNIDAD,P,EX,0,,0,1,0,10,N,,,O,0,0,1,0,O,0,0,0,0,O,,,0,0,IMPORTE=SIN@*PARM1ûDATO=PARM1,,,1,1,0,1,,SUBM,,,
@,VLFI,VALES FINIQUITO,E,EX,0,,0,1,0,125,N,,,O,0,0,1,0,O,0,0,1,0,O,,,0,0,,,,0,1,0,0,,,,,
@,PCG1,PERMISO CON GOCE POR PATERNIDAD,P,GN,0,0,0,1,0,8,N,,,O,0,0,1,0,O,0,0,1,0,O,,,0,0,"IF PARM2 NE """" AND PARM2 NE 0 THEN IMPORTE= PARM2; DATO= PARM1; RETURNûûIMPORTE= SDI@ * PARM1ûDATO= PARM1",,,1,1,0,1,,,,,
@,AYHO,TELETRABAJO,P,NI,0,,0,1,0,10,N,,,R,0,0,1,0,O,0,0,0,0,O,,,0,0,Importe = PARM1,,,1,1,0,1,,,,,
@,VALX,VALES DESPENSA TOTALES,P,EX,0,,0,1,0,100,N,,,O,0,0,1,0,O,0,0,1,0,O,,,0,0,"*****************ûVALOR_GRAL= 1400û*****************ûVALOR_DIRS= SAL_MIN * 30.4ûû*****************ûIF PARM2=2 THENûIMPORTE=PARM1ûRETURNûENDûIF PARM2=1 THEN RETURNûIF PARM1>30 THEN ûIMPORTE=PARM1ûRETURNûENDûûû*IF @USERNAME = ""MANAGER_NOM"" THEN DEBUGûûIF PARM2+0 <> 0 THEN IMPORTE= PARM2; DATO= PARM1; RETURNûû$INSERT TDIASûû*determina fecha de inicioûF_INGRESO_EXT= REG_EMP<AN_EMP.F_INGRESO%>ûF_INI_MES= EJ_FISCAL%:FMT(MES_BASE,""R(0)#2""):""01""ûIF F_INGRESO_EXT > F_INI_MES THENû DIA_INI= F_INGRESO_EXT[7,2]+0ûEND ELSEû DIA_INI= 1ûENDûû*determina fecha de términoûDIA_FIN= 30ûûF_BAJA_INT= DIPC(""@GRA"",""PH"")+0ûIF F_BAJA_INT > 0 THENû DIA_FIN= FECHA(F_BAJA_INT,2,""AAAAMMDD"")[7,2]+0û IF DIA_FIN > 30 THEN DIA_FIN= 30ûENDûûDIAS= DIA_FIN - DIA_INI + 1ûIF PARM1+0 <> 0 THEN DIAS= PARM1ûû*IF REG_EMP<AN_EMP.SIN_US045%> = ""PA"" THENûIF REG_EMP<AN_EMP.SIN_US045%> = ""PA""  OR REG_EMP<AN_EMP.SIN_US045%> = ""P1""  OR REG_EMP<AN_EMP.SIN_US045%> = ""P2"" OR REG_EMP<AN_EMP.SIN_US045%> = ""P3"" OR  REG_EMP<AN_EMP.SIN_US045%> = ""P4"" OR REG_EMP<AN_EMP.SIN_US045%> = ""P5"" THENû *categorias Director o Superiorû VALOR= VALOR_DIRSûEND ELSEû *categorias inferiores a Directorû VALOR= VALOR_GRALûENDûûIMPORTE= VALOR/30 * DIASûDATO= DIAS",,,1,1,0,1,,,,,
@,VPFA,VALOR PRESTAMO FONDO DE AHORRO,X,NI,0,,0,1,0,715,N,,,R,0,0,1,0,O,0,0,1,0,O,,,0,0,"*************ûPTOS_ADIC= 3û*************ûûIF @USERNAME = ""MANAGER_NOM"" THEN DEBUGûûFTERPER_EXT= FECHA(FTERPER,2,""AAAAMMDD"")ûPORC= SALARIOMINIMO(""TIE"",FTERPER_EXT)/10000 + PTOS_ADICûûDATO= PARM1*(1+PORC/100)ûNUM_PERIODOS= (11- MES_BASE +1)*2ûûIMPORTE= DATO/NUM_PERIODOS",,,1,1,0,1,,,,,
@,I@14,IMPUESTO ESTATAL JALISCO,E,NI,0,,0,0,0,921,N,,,O,0,0,1,0,O,0,0,1,0,O,,,0,0,"/*ûMecánica:û-Obtiene la Base sumando los DIPs definidos en el catálogo maestro cuya clave es igual a la clave de este DIPû-Obtiene la tasa del catálogo CEDO y obtiene el impuesto sobre nominas del empleadoû*/ûû$INSERT AN_CATALOGOSû$INSERT AN_RECINTOSûû*IF @USERNAME = ""MANAGER_NOM"" THEN DEBUGûûWRECINTO = REG_EMP<AN_EMP.RECINTO%>ûCALL IO_READ(REG,""AN_RECINTOS"","""",WRECINTO,"""",0,ST)ûIF ST = 0 THENû    ENT.FED = REG<AN_RECINTOS.ENT_FED%>û    IF ENT.FED <>  ""14"" THEN û       RETURNû   END ELSEû      BASE= 0û     *obtiene Baseû     CALL IO_READ(REG_CAT,""AN_CATALOGOS"","""",CLV_DIP,"""",1,STATUS)û     FOR CONT1= 1 TO COUNT(REG_CAT<AN_CATALOGOS.CLAVES%>,@VM)+1û IF TRIM(REG_CAT<AN_CATALOGOS.CAMPO_3%,CONT1>) = ""S"" OR TRIM(REG_CAT<AN_CATALOGOS.CAMPO_3%,CONT1>) = ""s"" OR TRIM(REG_CAT<AN_CATALOGOS.CAMPO_3%,CONT1>) = """" THENû  BASE+= DIPM(TRIM(REG_CAT<AN_CATALOGOS.CLAVES%,CONT1>),""IM"")û END ELSEû  BASE-= DIPM(TRIM(REG_CAT<AN_CATALOGOS.CLAVES%,CONT1>),""IM"")û ENDû      NEXT CONT1ûû      TASA= 0û      *obtiene Tasaû      CALL IO_READ(REG_CAT,""AN_CATALOGOS"","""",""CEDO"","""",1,STATUS)û      LOCATE CLV_DIP[3,2] IN REG_CAT<AN_CATALOGOS.CLAVES%> USING @VM SETTING POS THENû TASA= REG_CAT<AN_CATALOGOS.CAMPO_3%,POS>û      ENDûû     IMPORTE= BASE * TASA / 100û     DATO= BASEû    ENDûEND",,,1,1,0,1,,,,,
@,TPAS,TOTAL PASS,D,NI,0,,0,1,0,60,N,,,O,0,0,1,0,O,0,0,1,0,O,,,0,0,IMPORTE=PARM1ûDATO=1,,,1,1,0,1,,TPAS,,,
@,SEHI,SEGUROS HIPOTECARIO,D,NI,0,,0,1,0,852,N,,,R,0,0,1,0,O,0,0,1,0,O,,,0,0,Importe = PARM1ûDato = PARM2,,,1,1,0,1,,,,,
@,FAHD,FONDO DE AHORRO,D,NI,0,,0,1,0,100,N,,,O,0,0,1,0,O,0,0,1,0,O,,,0,0,"ûIF TIPO_NOM=""FQ"" AND PARM1>0 AND PARM2=1 THENûIMPORTE=PARM1ûRETURNûENDûûIF TIPO_NOM=""FQ"" THEN RETURNûûImporte = DIPM(""FAHC"",""IM"")ûDato = DIPM(""FAHC"",""DA"")",,,1,1,0,1,,,,,
@,EFAH,F.A. APORT. EMPLEADO,P,NI,0,0,0,1,0,310,N,,,O,0,0,1,0,O,0,0,1,0,O,,,0,0,"IF PARM2=2 THEN RETURNûûIF PARM2 <> 0 AND PARM2 <> """" THEN IMPORTE= PARM1; RETURNûûMES_DESDE= 7ûMES_HASTA= 6ûû*PER_DESDE=""2024"":FMT(MES_DESDE,""R(0)#2"")û*PER_HASTA=""2025"":FMT(MES_HASTA,""R(0)#2"")ûûPER_DESDE=""2025"":FMT(MES_DESDE,""R(0)#2"")ûPER_HASTA=""2026"":FMT(MES_HASTA,""R(0)#2"")ûûIF REG_EMP<AN_EMP.F_INGRESO%>[1,6] > PER_DESDE THEN PER_DESDE= REG_EMP<AN_EMP.F_INGRESO%>[1,6]ûIMPUS=DIPA(""FAHC"",""IM"", PER_DESDE, PER_HASTA)+DIPA(""FAOE"",""IM"", PER_DESDE, PER_HASTA)ûûIMPORTE=DIPA(""FAHC"",""IM"", PER_DESDE, PER_HASTA)+DIPA(""FAOE"",""IM"", PER_DESDE, PER_HASTA)ûDATO= DIPA(""FAHC"",""DA"", PER_DESDE, PER_HASTA)ûûCALL IO_READ(REG_FA,""AN_EMP_MOVTOS"","""",NUM_EMP:""*FA"","""",1,ST_RD)ûIF ST_RD = 0 THENû GOSUB GET_DATOSûEND ELSEû CALL IO_READ(REG_FA,""AN_EMP_MOVTOS_FINI"","""",NUM_EMP:""*"":PARM5-50,"""",1,ST_RD)û IF ST_RD = 0 THENû  GOSUB GET_DATOSû ENDûENDûûRETURNûû**********ûGET_DATOS:û**********û LOCATE ""FAHC"" IN REG_FA<AN_EMP_MOVTOS.CLV_DIP_P%> USING @VM SETTING POS_FA THENû  IMPORTE+= REG_FA<AN_EMP_MOVTOS.IMP_P%, POS_FA>/100û  DATO+= REG_FA<AN_EMP_MOVTOS.DATO_P%, POS_FA>/100û ENDûRETURN",,,1,1,0,1,,,,,
@,PFON,PENSION FONDO DE AHORRO,D,NI,0,,0,1,0,9999,N,,,O,0,0,1,0,O,0,0,1,0,O,,,0,0,IMPORTE=PARM1,,,1,1,0,1,,,,,
@,PAGU,PAGO ANTICIPO DE AGUINALDO,P,NI,0,,0,1,0,10,N,,,O,0,0,1,0,O,0,0,1,0,O,,,0,0,IMPORTE=PARM1,,,1,1,0,1,,PAGU,,,
@,BEFE,BENEFICIO FLEXIBLE,P,GN,0,,0,1,0,90,N,,,O,0,0,1,0,O,0,0,1,0,O,,,0,0,"RETURNûûIF PARM2 NE """" AND PARM2 NE 0 THEN IMPORTE= PARM2; DATO= PARM1; RETURNûûIF @USERNAME = ""MANAGER_NOM"" THEN DEBUGûû*FLAG F.A.û*IF REG_EMP<AN_EMP.SIN_US048%>+0 = 1 THEN RETURNû* ûû$INSERT AN_TIPOSûPERIODICIDAD= REG_TIPO<AN_TIPOS.PERIODICIDAD%>ûûBEGIN CASEû CASE REG_TIPO<AN_TIPOS.PERIODICIDAD%> = ""S""û  PORCENTAJE= 0.00û CASE REG_TIPO<AN_TIPOS.PERIODICIDAD%> = ""Q""û  PORCENTAJE= 13.00û CASE 1û  PORCENTAJE= 13.00ûEND CASEûû*Se calcula el tope exento como el 13% de 10 Salarios MinimosûTOPE_DIA= SAL_MIN*10*13/100*30.4/30ûûSAL_FULL= SDI@*PORCENTAJE/100ûGOSUB TOPEûû*Se calculan los dias trabajadosûIF PARM1 NE 0 AND PARM1 NE """" THENû DIAS_TRA= PARM1ûEND ELSEû DIAS_TRA= DIPM(""PNOR"",""DA"") + DIPM(""@VAC"",""DA"") + DIPM(""SDIA"",""DA"")ûENDûû*obtiene ausentismoûDIAS_AUSE= 0ûFINIPER_EXT=  FECHA(FINIPER,2,""AAAAMMDD"")ûCALL TABLAS_IMSS(""@IMS"", ZONA_ECO, FINIPER_EXT, PORCENTAJE, IMP_TOPE, IMP_TOPE_EXE, FALTAS,INCAPACIDADES, STATUS)ûFOR CONT1= 1 TO COUNT(FALTAS, @VM) + 1û DIAS_AUSE+= DIPC(FALTAS<1,CONT1>, ""TP1"")ûNEXT CONT1ûFOR CONT1= 1 TO COUNT(INCAPACIDADES, @VM) + 1û DIAS_AUSE+= DIPC(INCAPACIDADES<1,CONT1>, ""TP1"")ûNEXT CONT1ûûIF PERIODICIDAD = ""S"" THEN DIAS_AUSE= DIAS_AUSE * 7/(HRT@/HRD@)ûDIAS_TRA-= DIAS_AUSEûûIF DIAS_TRA < 0 THEN DIAS_TRA= 0ûûIMPORTE= DIAS_TRA * SAL_DIAûDATO= DIAS_TRAûûRETURNûû*****ûTOPE:û*****û IF SAL_FULL > TOPE_DIA THENû  SAL_DIA= TOPE_DIAû END ELSEû  SAL_DIA= SAL_FULLû ENDûRETURN",,,1,1,0,1,,,,,
@,AJUS,AJUSTE EN SUELDO,P,GN,1,1,0,1,0,35,N,,,R,0,0,1,0,R,0,0,1,0,O,,,0,0,Importe = PARM2ûDato = PARM1,,,0,1,0,1,,,,,
@,DECR,DESCUENTO CREDENCIAL,D,NI,0,,0,0,1,904,N,,,O,0,0,1,0,R,0,0,1,0,O,,,0,0,Importe = PARM1ûDato = PARM2,,,1,1,0,1,,,,,
@,AGME,AGUINALDO M,P,GE,1,,0,0,0,100,N,,,O,0,0,1,0,O,0,0,1,0,O,,,0,0,"PUESTO=REG_EMP<AN_EMP.PUESTO%>ûûIF PUESTO=""0133"" OR PUESTO=""0134"" THENûûûûSAL_HORA=((SDI@*30)/8)/12ûûIF TIPO_NOM=""AG"" THENûHORAS=DIPA(""TUBT"",""IM"",""202411"",""202411"")*12ûûEND ELSEûHORAS=DIPA(""TUBT"",""IM"",""202402-"",""202401-"")*12ûENDûPROM=(SAL_HORA*HORAS)/30ûûDATO=DIPM(""@GRA"",""DA"")ûûAHBER=DIPM(""@GRA"",""IM"")ûûif ((PROM*DIPM(""@GRA"",""DA""))-AHBER)<=0 then returnûûIMPORTE=(PROM*DIPM(""@GRA"",""DA""))-AHBERûûENDû",,,1,1,0,1,,AGME,,,
@,VICA,VIDA CARA,P,GN,1,,0,1,0,282,N,,,O,0,0,1,0,O,0,0,1,0,O,,,0,0,"RETURNûûIF PARM2+0 <> 0 THEN IMPORTE= PARM2; DATO= PARM1; RETURNûûRECINTOS= """"û*******************ûRECINTOS<-1>= ""271""û*******************ûûIF @USERNAME = ""MANAGER_NOM"" THEN DEBUGûûLOCATE REG_EMP<AN_EMP.RECINTO%> IN RECINTOS USING @FM SETTING POS_REC THEN NULL ELSE RETURNûû*Se calculan los dias trabajadosûIF PARM1 NE 0 AND PARM1 NE """" THENû DIAS_TRA= PARM1ûEND ELSEû DIAS_TRA= DIPM(""PNOR"",""DA"") + DIPM(""@VAC"",""DA"") + DIPM(""SDIA"",""DA"")ûENDûû*obtiene ausentismoûDIAS_AUSE= 0ûFINIPER_EXT=  FECHA(FINIPER,2,""AAAAMMDD"")ûCALL TABLAS_IMSS(""@IMS"", ZONA_ECO, FINIPER_EXT, PORCENTAJE, IMP_TOPE, IMP_TOPE_EXE, FALTAS,INCAPACIDADES, STATUS)ûFOR CONT1= 1 TO COUNT(FALTAS, @VM) + 1û DIAS_AUSE+= DIPC(FALTAS<1,CONT1>, ""TP1"")ûNEXT CONT1ûFOR CONT1= 1 TO COUNT(INCAPACIDADES, @VM) + 1û DIAS_AUSE+= DIPC(INCAPACIDADES<1,CONT1>, ""TP1"")ûNEXT CONT1ûûDIAS_TRA-= DIAS_AUSEûûIMPORTE= DIAS_TRA*SDI@*20/100ûDATO= DIAS_TRA",,,1,1,0,1,,,,,
@,SEVI,SEGURO DE VIDA,D,NI,0,,0,1,0,850,N,,,R,0,0,1,0,O,0,0,1,0,O,,,0,0,Importe = PARM1ûDato = PARM2,,,1,1,0,1,,,,,
@,I@05,IMPUESTO ESTATAL COAHUILA,E,NI,0,,0,0,0,919,N,,,O,0,0,1,0,O,0,0,1,0,O,,,0,0,"/*ûMecánica:û-Obtiene la Base sumando los DIPs definidos en el catálogo maestro cuya clave es igual a la clave de este DIPû-Obtiene la tasa del catálogo CEDO y obtiene el impuesto sobre nominas del empleadoû*/ûû$INSERT AN_CATALOGOSû$INSERT AN_RECINTOSûû*IF @USERNAME = ""MANAGER_NOM"" THEN DEBUGûûWRECINTO = REG_EMP<AN_EMP.RECINTO%>ûCALL IO_READ(REG,""AN_RECINTOS"","""",WRECINTO,"""",0,ST)ûIF ST = 0 THENû    ENT.FED = REG<AN_RECINTOS.ENT_FED%>û    IF ENT.FED <>  ""05"" THEN û       RETURNû   END ELSEû      BASE= 0û     *obtiene Baseû     CALL IO_READ(REG_CAT,""AN_CATALOGOS"","""",CLV_DIP,"""",1,STATUS)û     FOR CONT1= 1 TO COUNT(REG_CAT<AN_CATALOGOS.CLAVES%>,@VM)+1û IF TRIM(REG_CAT<AN_CATALOGOS.CAMPO_3%,CONT1>) = ""S"" OR TRIM(REG_CAT<AN_CATALOGOS.CAMPO_3%,CONT1>) = ""s"" OR TRIM(REG_CAT<AN_CATALOGOS.CAMPO_3%,CONT1>) = """" THENû  BASE+= DIPM(TRIM(REG_CAT<AN_CATALOGOS.CLAVES%,CONT1>),""IM"")û END ELSEû  BASE-= DIPM(TRIM(REG_CAT<AN_CATALOGOS.CLAVES%,CONT1>),""IM"")û ENDû      NEXT CONT1ûû      TASA= 0û      *obtiene Tasaû      CALL IO_READ(REG_CAT,""AN_CATALOGOS"","""",""CEDO"","""",1,STATUS)û      LOCATE CLV_DIP[3,2] IN REG_CAT<AN_CATALOGOS.CLAVES%> USING @VM SETTING POS THENû TASA= REG_CAT<AN_CATALOGOS.CAMPO_3%,POS>û      ENDûû     IMPORTE= BASE * TASA / 100û     DATO= BASEû    ENDûEND",,,1,1,0,1,,,,,
@,SDIN,SEGURO DANOS DE VIVIENDA,D,NI,0,0,0,1,0,689,N,,,O,0,0,1,0,O,0,0,1,0,O,,,0,0,"*******************ûIMPORTE_SEG= 15.00û*******************ûû$INSERT AN_TIPOSû$INSERT TDIASûûIF PARM1=0 THEN RETURNûûIF PARM2 NE """" AND PARM2 NE 0 THEN IMPORTE= PARM2; DATO= PARM1; RETURNûûSUMA_INF= DIPM(""DPIF"",""IM"") + DIPM(""DPIE"",""IM"") + DIPM(""DPIS"",""IM"")ûIF SUMA_INF = 0 THEN RETURNûûBIM_ACT= INT(MES_BASE/2+.9)ûMES_INI= BIM_ACT*2-1ûMES_FIN= BIM_ACT*2ûûACUM_BIM= DIPA(CLV_DIP,""IM"",EJ_FISCAL%:MES_INI , EJ_FISCAL%:MES_FIN)ûûIMPORTE=15û* IMPORTE_SEG - ACUM_BIMûû",,,1,1,0,1,,,,,
@,VALF,VALES FINIQUITO,P,GN,0,0,0,1,0,125,N,,,O,0,0,1,0,O,0,0,1,0,O,,,0,0,"IF @USERNAME = ""MANAGER_NOM"" THEN DEBUGûIF PARM2 NE """" AND PARM2 NE 0 THEN IMPORTE= PARM2; DATO= PARM1; RETURNûû*solo calcular en finiquitoû*LOCATE ""Finiquito"" IN REG_EMP_INCI<AN_EMP_INCI.REFERENCIA%> USING @VM SETTING POS ELSE RETURNûû$INSERT AN_TIPOSû$INSERT TDIASûûDECLARE FUNCTION GET_KARDEXûûPERIODICIDAD= REG_TIPO<AN_TIPOS.PERIODICIDAD%>ûûBEGIN CASEû CASE PERIODICIDAD = ""S""û  PORCENTAJE= 7.50û  û  F_BAJA_INT= DIPC(""PNOR"",""PH"")û  IF F_BAJA_INT = """" THEN F_BAJA_INT= FTERPERû  F_BAJA_EXT= FECHA(F_BAJA_INT,2,""AAAAMMDD"")û  û  IMP_VALE= DIPA(""VALE"",""IM"", F_BAJA_EXT[1,6], F_BAJA_EXT[1,6])û  IF IMP_VALE > 0 THENû   FLAG_PAGO= 1û   F_INI_EXT= F_BAJA_EXT[1,6]:""01""û   F_FIN_EXT= F_BAJA_EXT[1,6]:TDIAS< F_BAJA_EXT[5,2]>û  END ELSEû   FLAG_PAGO= 0û   IF MES_BASE+0 = 1 THENû    F_INI_EXT= EJ_FISCAL%-1:""1201""û    F_FIN_EXT= EJ_FISCAL%-1:""1231""û   END ELSEû    F_INI_EXT= EJ_FISCAL%:FMT(MES_BASE-1,""R(0)#2""):""01""û    F_FIN_EXT= EJ_FISCAL%:FMT(MES_BASE-1,""R(0)#2""):TDIAS<MES_BASE-1>û   ENDû  ENDû CASE PERIODICIDAD = ""Q""û  PORCENTAJE= 10.00û CASE 1û  PORCENTAJE= 10.00ûEND CASEûûSAL_DIA= SDI@*PORCENTAJE/100ûû*Se calculan los dias trabajadosûDIAS_TRA= 0ûIF PARM1 NE 0 AND PARM1 NE """" THENû DIAS_TRA= PARM1ûEND ELSEû BEGIN CASEû  CASE REG_TIPO<AN_TIPOS.PERIODICIDAD%> = ""Q""û   *días considerando retardosû   *DIAS_TRA= DIPM(""PNOR"",""DA"") + DIPM(""@VAC"",""DA"") + DIPM(""SDIA"",""DA"")û   û   *días sin retardosû   HRS_TURNO= HRD@û   IF HRS_TURNO <= 0 THEN HRS_TURNO= 8û   DIAS_TRA= DIPM(""PNOR"",""DA"") + DIPM(""@VAC"",""DA"") + DIPC(""RTRD"",""TP1"") * 1/HRS_TURNO * 1/60û  CASE 1û   *DIAS_TRA= DIPA(""PNOR"",""DA"",PER, PER) + DIPA(""@VAC"",""DA"", PER, PER) + DIPA(""SDIA"",""DA"", PER, PER)û   IF FLAG_PAGO = 0 THENû    IF REG_EMP<AN_EMP.F_INGRESO%> > F_INI_EXT THEN F_INI_EXT= REG_EMP<AN_EMP.F_INGRESO%>û    IF F_BAJA_EXT < F_FIN_EXT THEN F_FIN_EXT= F_BAJA_EXTû    û    DIAS_TRA= F_FIN_EXT[7,2] - F_INI_EXT[7,2] + 1û   ENDû   IF F_BAJA_EXT > F_FIN_EXT THEN DIAS_TRA+= F_BAJA_EXT[7,2]û END CASEûENDûû*obtiene ausentismoûDIAS_AUSE= 0ûFINIPER_EXT=  FECHA(FINIPER,2,""AAAAMMDD"")ûûIF REG_TIPO<AN_TIPOS.PERIODICIDAD%> = ""Q"" THENû CALL TABLAS_IMSS(""@IMS"", ZONA_ECO, FINIPER_EXT, PORCENTAJE, IMP_TOPE, IMP_TOPE_EXE, FALTAS,INCAPACIDADES, STATUS)û FOR CONT1= 1 TO COUNT(FALTAS, @VM) + 1û  BEGIN CASEû   CASE REG_TIPO<AN_TIPOS.PERIODICIDAD%> = ""Q""û    DIAS_AUSE+= DIPC(FALTAS<1,CONT1>, ""TP1"")û   CASE 1û    *DIAS_AUSE+= DIPA(FALTAS<1,CONT1>,""DA"",PER, PER)û  END CASEû NEXT CONT1ûû FOR CONT1= 1 TO COUNT(INCAPACIDADES, @VM) + 1û  BEGIN CASEû   CASE REG_TIPO<AN_TIPOS.PERIODICIDAD%> = ""Q""û    DIAS_AUSE+= DIPC(INCAPACIDADES<1,CONT1>, ""TP1"")û   CASE 1û    *DIAS_AUSE+= DIPA(INCAPACIDADES<1,CONT1>,""DA"",PER, PER)û  END CASEû NEXT CONT1ûEND ELSEû IF FLAG_PAGO = 0 THENû  DIAS_AUSE= GET_KARDEX(NUM_EMP,F_INI_EXT,F_FIN_EXT,""FA"")<4> + GET_KARDEX(NUM_EMP,F_INI_EXT,F_FIN_EXT,""IN"")<4>û ENDû DIAS_AUSE+= GET_KARDEX(NUM_EMP,F_BAJA_EXT[1,6]:""01"",F_BAJA_EXT,""FA"")<4> + GET_KARDEX(NUM_EMP,F_BAJA_EXT[1,6]:""01"",F_BAJA_EXT,""IN"")<4>ûENDûûDIAS_TRA-= DIAS_AUSEûû*IF DIAS_TRA < 0 THEN DIAS_TRA= 0ûûIMPORTE= SAL_DIA*DIAS_TRAûDATO= DIAS_TRA",,,1,1,0,1,,,,,
@,DVAD,VALES DESPENSA PERIODO ANTERIOR,D,NI,0,,0,0,0,500,N,,,O,0,0,0,0,O,0,0,0,0,O,,,0,0,"IMPORTE=DIPM(""VADA"",""IM"")",,,1,1,0,1,,DVAD,,,
@,DISN,DESCUENTO SINDICAL,D,NI,0,0,0,1,0,770,N,,,R,0,0,1,0,O,0,0,1,0,O,,,0,0,Importe = PARM1ûDato = PARM2,,,0,1,0,1,,,,,
@,I@31,IMPUESTO ESTATAL YUCATAN,E,NI,0,,0,0,0,932,N,,,O,0,0,1,0,O,0,0,1,0,O,,,0,0,"/*ûMecánica:û-Obtiene la Base sumando los DIPs definidos en el catálogo maestro cuya clave es igual a la clave de este DIPû-Obtiene la tasa del catálogo CEDO y obtiene el impuesto sobre nominas del empleadoû*/ûû$INSERT AN_CATALOGOSû$INSERT AN_RECINTOSûû*IF @USERNAME = ""MANAGER_NOM"" THEN DEBUGûûWRECINTO = REG_EMP<AN_EMP.RECINTO%>ûCALL IO_READ(REG,""AN_RECINTOS"","""",WRECINTO,"""",0,ST)ûIF ST = 0 THENû    ENT.FED = REG<AN_RECINTOS.ENT_FED%>û    IF ENT.FED <>  ""31"" THEN û       RETURNû   END ELSEû      BASE= 0û     *obtiene Baseû     CALL IO_READ(REG_CAT,""AN_CATALOGOS"","""",CLV_DIP,"""",1,STATUS)û     FOR CONT1= 1 TO COUNT(REG_CAT<AN_CATALOGOS.CLAVES%>,@VM)+1û IF TRIM(REG_CAT<AN_CATALOGOS.CAMPO_3%,CONT1>) = ""S"" OR TRIM(REG_CAT<AN_CATALOGOS.CAMPO_3%,CONT1>) = ""s"" OR TRIM(REG_CAT<AN_CATALOGOS.CAMPO_3%,CONT1>) = """" THENû  BASE+= DIPM(TRIM(REG_CAT<AN_CATALOGOS.CLAVES%,CONT1>),""IM"")û END ELSEû  BASE-= DIPM(TRIM(REG_CAT<AN_CATALOGOS.CLAVES%,CONT1>),""IM"")û ENDû      NEXT CONT1ûû      TASA= 0û      *obtiene Tasaû      CALL IO_READ(REG_CAT,""AN_CATALOGOS"","""",""CEDO"","""",1,STATUS)û      LOCATE CLV_DIP[3,2] IN REG_CAT<AN_CATALOGOS.CLAVES%> USING @VM SETTING POS THENû TASA= REG_CAT<AN_CATALOGOS.CAMPO_3%,POS>û      ENDûû     IMPORTE= BASE * TASA / 100û     DATO= BASEû    ENDûEND",,,1,1,0,1,,,,,
@,ORPF,iNGRESO PROPIO O FEDERAL,X,NI,0,,0,1,0,500,N,,,O,0,0,1,0,O,0,0,1,0,O,,,0,0,Importe = PARM1,,,0,1,0,1,,,,,
FQ,PAL5,PENSION ALIMENTICIA,D,NI,0,,0,0,0,99999,N,,,O,0,0,1,0,O,0,0,0,0,O,,,0,0,"BASE= SUM(REG_MOVTO<AN_EMP_MOVTOS.IMP_P%>) / 100ûûFONDO=DIPM(""@ISP"",""IM"")+DIPM(""@IMS"",""IM"")+DIPM(""@ILI"",""IM"")+DIPM(""CFAH"",""IM"")+DIPM(""EFAH"",""IM"")+(DIPM(""IFAH"",""IM"")/2)+DIPM(""FALT"",""IM"")ûVALES=DIPM(""VALX"",""IM"")ûûBASE =BASE-FONDO-VALESûûIMPORTE =BASE*PARM1",,,1,1,0,1,,,,,
@,PCG3,PERMISO POR FUNERAL,P,GN,0,,0,1,0,33,N,,,O,0,0,1,0,O,0,0,1,0,O,,,0,0,"*IF PARM2 NE """" AND PARM2 NE 0 THEN IMPORTE= PARM2; DATO= PARM1; RETURNûû*IMPORTE= SDI@ * PARM1ûDATO= PARM1",,,1,1,0,1,,,,,
@,I@16,IMPUESTO ESTATAL MICHOACAN,E,NI,0,,0,0,0,923,N,,,O,0,0,1,0,O,0,0,1,0,O,,,0,0,"/*ûMecánica:û-Obtiene la Base sumando los DIPs definidos en el catálogo maestro cuya clave es igual a la clave de este DIPû-Obtiene la tasa del catálogo CEDO y obtiene el impuesto sobre nominas del empleadoû*/ûû$INSERT AN_CATALOGOSû$INSERT AN_RECINTOSûû*IF @USERNAME = ""MANAGER_NOM"" THEN DEBUGûûWRECINTO = REG_EMP<AN_EMP.RECINTO%>ûCALL IO_READ(REG,""AN_RECINTOS"","""",WRECINTO,"""",0,ST)ûIF ST = 0 THENû    ENT.FED = REG<AN_RECINTOS.ENT_FED%>û    IF ENT.FED <>  ""16"" THEN û       RETURNû   END ELSEû      BASE= 0û     *obtiene Baseû     CALL IO_READ(REG_CAT,""AN_CATALOGOS"","""",CLV_DIP,"""",1,STATUS)û     FOR CONT1= 1 TO COUNT(REG_CAT<AN_CATALOGOS.CLAVES%>,@VM)+1û IF TRIM(REG_CAT<AN_CATALOGOS.CAMPO_3%,CONT1>) = ""S"" OR TRIM(REG_CAT<AN_CATALOGOS.CAMPO_3%,CONT1>) = ""s"" OR TRIM(REG_CAT<AN_CATALOGOS.CAMPO_3%,CONT1>) = """" THENû  BASE+= DIPM(TRIM(REG_CAT<AN_CATALOGOS.CLAVES%,CONT1>),""IM"")û END ELSEû  BASE-= DIPM(TRIM(REG_CAT<AN_CATALOGOS.CLAVES%,CONT1>),""IM"")û ENDû      NEXT CONT1ûû      TASA= 0û      *obtiene Tasaû      CALL IO_READ(REG_CAT,""AN_CATALOGOS"","""",""CEDO"","""",1,STATUS)û      LOCATE CLV_DIP[3,2] IN REG_CAT<AN_CATALOGOS.CLAVES%> USING @VM SETTING POS THENû TASA= REG_CAT<AN_CATALOGOS.CAMPO_3%,POS>û      ENDûû     IMPORTE= BASE * TASA / 100û     DATO= BASEû    ENDûEND",,,1,1,0,1,,,,,
@,I@28,IMPUESTO ESTATAL TAMAULIPAS,E,NI,0,,0,0,0,931,N,,,O,0,0,1,0,O,0,0,1,0,O,,,0,0,"/*ûMecánica:û-Obtiene la Base sumando los DIPs definidos en el catálogo maestro cuya clave es igual a la clave de este DIPû-Obtiene la tasa del catálogo CEDO y obtiene el impuesto sobre nominas del empleadoû*/ûû$INSERT AN_CATALOGOSû$INSERT AN_RECINTOSûû*IF @USERNAME = ""MANAGER_NOM"" THEN DEBUGûûWRECINTO = REG_EMP<AN_EMP.RECINTO%>ûCALL IO_READ(REG,""AN_RECINTOS"","""",WRECINTO,"""",0,ST)ûIF ST = 0 THENû    ENT.FED = REG<AN_RECINTOS.ENT_FED%>û    IF ENT.FED <>  ""28"" THEN û       RETURNû   END ELSEû      BASE= 0û     *obtiene Baseû     CALL IO_READ(REG_CAT,""AN_CATALOGOS"","""",CLV_DIP,"""",1,STATUS)û     FOR CONT1= 1 TO COUNT(REG_CAT<AN_CATALOGOS.CLAVES%>,@VM)+1û IF TRIM(REG_CAT<AN_CATALOGOS.CAMPO_3%,CONT1>) = ""S"" OR TRIM(REG_CAT<AN_CATALOGOS.CAMPO_3%,CONT1>) = ""s"" OR TRIM(REG_CAT<AN_CATALOGOS.CAMPO_3%,CONT1>) = """" THENû  BASE+= DIPM(TRIM(REG_CAT<AN_CATALOGOS.CLAVES%,CONT1>),""IM"")û END ELSEû  BASE-= DIPM(TRIM(REG_CAT<AN_CATALOGOS.CLAVES%,CONT1>),""IM"")û ENDû      NEXT CONT1ûû      TASA= 0û      *obtiene Tasaû      CALL IO_READ(REG_CAT,""AN_CATALOGOS"","""",""CEDO"","""",1,STATUS)û      LOCATE CLV_DIP[3,2] IN REG_CAT<AN_CATALOGOS.CLAVES%> USING @VM SETTING POS THENû TASA= REG_CAT<AN_CATALOGOS.CAMPO_3%,POS>û      ENDûû     IMPORTE= BASE * TASA / 100û     DATO= BASEû    ENDûEND",,,1,1,0,1,,,,,
@,I@26,IMPUESTO ESTATAL SONORA,E,NI,0,,0,0,0,929,N,,,O,0,0,1,0,O,0,0,1,0,O,,,0,0,"/*ûMecánica:û-Obtiene la Base sumando los DIPs definidos en el catálogo maestro cuya clave es igual a la clave de este DIPû-Obtiene la tasa del catálogo CEDO y obtiene el impuesto sobre nominas del empleadoû*/ûû$INSERT AN_CATALOGOSû$INSERT AN_RECINTOSûû*IF @USERNAME = ""MANAGER_NOM"" THEN DEBUGûûWRECINTO = REG_EMP<AN_EMP.RECINTO%>ûCALL IO_READ(REG,""AN_RECINTOS"","""",WRECINTO,"""",0,ST)ûIF ST = 0 THENû    ENT.FED = REG<AN_RECINTOS.ENT_FED%>û    IF ENT.FED <>  ""26"" THEN û       RETURNû   END ELSEû      BASE= 0û     *obtiene Baseû     CALL IO_READ(REG_CAT,""AN_CATALOGOS"","""",CLV_DIP,"""",1,STATUS)û     FOR CONT1= 1 TO COUNT(REG_CAT<AN_CATALOGOS.CLAVES%>,@VM)+1û IF TRIM(REG_CAT<AN_CATALOGOS.CAMPO_3%,CONT1>) = ""S"" OR TRIM(REG_CAT<AN_CATALOGOS.CAMPO_3%,CONT1>) = ""s"" OR TRIM(REG_CAT<AN_CATALOGOS.CAMPO_3%,CONT1>) = """" THENû  BASE+= DIPM(TRIM(REG_CAT<AN_CATALOGOS.CLAVES%,CONT1>),""IM"")û END ELSEû  BASE-= DIPM(TRIM(REG_CAT<AN_CATALOGOS.CLAVES%,CONT1>),""IM"")û ENDû      NEXT CONT1ûû      TASA= 0û      *obtiene Tasaû      CALL IO_READ(REG_CAT,""AN_CATALOGOS"","""",""CEDO"","""",1,STATUS)û      LOCATE CLV_DIP[3,2] IN REG_CAT<AN_CATALOGOS.CLAVES%> USING @VM SETTING POS THENû TASA= REG_CAT<AN_CATALOGOS.CAMPO_3%,POS>û      ENDûû     IMPORTE= BASE * TASA / 100û     DATO= BASEû    ENDûEND",,,1,1,0,1,,,,,
NQ,AYHO,TELETRABAJO,P,NI,0,,0,1,0,10,N,,,R,0,0,1,0,O,0,0,0,0,O,,,0,0,IMPORTE=PARM1,,,1,1,0,1,,,,,
@,AYCO,AYUDA DE COLEGIATURA,P,GN,1,,0,1,0,300,N,,,R,0,0,1,0,O,0,0,0,0,O,,,0,0,Importe = PARM1,,,1,1,0,1,,,,,
@,AHYO,TELETRABAJO,P,NI,0,,0,1,0,0,N,,,O,0,0,0,0,O,0,0,0,0,O,,,0,0,,,,0,1,0,0,,,,,
@,I@19,IMPUESTO ESTATAL NUEVO LEON,E,NI,0,,0,0,0,925,N,,,O,0,0,1,0,O,0,0,1,0,O,,,0,0,"/*ûMecánica:û-Obtiene la Base sumando los DIPs definidos en el catálogo maestro cuya clave es igual a la clave de este DIPû-Obtiene la tasa del catálogo CEDO y obtiene el impuesto sobre nominas del empleadoû*/ûû$INSERT AN_CATALOGOSû$INSERT AN_RECINTOSûû*IF @USERNAME = ""MANAGER_NOM"" THEN DEBUGûûWRECINTO = REG_EMP<AN_EMP.RECINTO%>ûCALL IO_READ(REG,""AN_RECINTOS"","""",WRECINTO,"""",0,ST)ûIF ST = 0 THENû    ENT.FED = REG<AN_RECINTOS.ENT_FED%>û    IF ENT.FED <>  ""19"" THEN û       RETURNû   END ELSEû      BASE= 0û     *obtiene Baseû     CALL IO_READ(REG_CAT,""AN_CATALOGOS"","""",CLV_DIP,"""",1,STATUS)û     FOR CONT1= 1 TO COUNT(REG_CAT<AN_CATALOGOS.CLAVES%>,@VM)+1û IF TRIM(REG_CAT<AN_CATALOGOS.CAMPO_3%,CONT1>) = ""S"" OR TRIM(REG_CAT<AN_CATALOGOS.CAMPO_3%,CONT1>) = ""s"" OR TRIM(REG_CAT<AN_CATALOGOS.CAMPO_3%,CONT1>) = """" THENû  BASE+= DIPM(TRIM(REG_CAT<AN_CATALOGOS.CLAVES%,CONT1>),""IM"")û END ELSEû  BASE-= DIPM(TRIM(REG_CAT<AN_CATALOGOS.CLAVES%,CONT1>),""IM"")û ENDû      NEXT CONT1ûû      TASA= 0û      *obtiene Tasaû      CALL IO_READ(REG_CAT,""AN_CATALOGOS"","""",""CEDO"","""",1,STATUS)û      LOCATE CLV_DIP[3,2] IN REG_CAT<AN_CATALOGOS.CLAVES%> USING @VM SETTING POS THENû TASA= REG_CAT<AN_CATALOGOS.CAMPO_3%,POS>û      ENDûû     IMPORTE= BASE * TASA / 100û     DATO= BASEû    ENDûEND",,,1,1,0,1,,,,,
@,I@22,IMPUESTO ESTATAL QUERETARO,E,NI,0,,0,0,0,927,N,,,O,0,0,1,0,O,0,0,1,0,O,,,0,0,"/*ûMecánica:û-Obtiene la Base sumando los DIPs definidos en el catálogo maestro cuya clave es igual a la clave de este DIPû-Obtiene la tasa del catálogo CEDO y obtiene el impuesto sobre nominas del empleadoû*/ûû$INSERT AN_CATALOGOSû$INSERT AN_RECINTOSûû*IF @USERNAME = ""MANAGER_NOM"" THEN DEBUGûûWRECINTO = REG_EMP<AN_EMP.RECINTO%>ûCALL IO_READ(REG,""AN_RECINTOS"","""",WRECINTO,"""",0,ST)ûIF ST = 0 THENû    ENT.FED = REG<AN_RECINTOS.ENT_FED%>û    IF ENT.FED <>  ""22"" THEN û       RETURNû   END ELSEû      BASE= 0û     *obtiene Baseû     CALL IO_READ(REG_CAT,""AN_CATALOGOS"","""",CLV_DIP,"""",1,STATUS)û     FOR CONT1= 1 TO COUNT(REG_CAT<AN_CATALOGOS.CLAVES%>,@VM)+1û IF TRIM(REG_CAT<AN_CATALOGOS.CAMPO_3%,CONT1>) = ""S"" OR TRIM(REG_CAT<AN_CATALOGOS.CAMPO_3%,CONT1>) = ""s"" OR TRIM(REG_CAT<AN_CATALOGOS.CAMPO_3%,CONT1>) = """" THENû  BASE+= DIPM(TRIM(REG_CAT<AN_CATALOGOS.CLAVES%,CONT1>),""IM"")û END ELSEû  BASE-= DIPM(TRIM(REG_CAT<AN_CATALOGOS.CLAVES%,CONT1>),""IM"")û ENDû      NEXT CONT1ûû      TASA= 0û      *obtiene Tasaû      CALL IO_READ(REG_CAT,""AN_CATALOGOS"","""",""CEDO"","""",1,STATUS)û      LOCATE CLV_DIP[3,2] IN REG_CAT<AN_CATALOGOS.CLAVES%> USING @VM SETTING POS THENû TASA= REG_CAT<AN_CATALOGOS.CAMPO_3%,POS>û      ENDûû     IMPORTE= BASE * TASA / 100û     DATO= BASEû    ENDûEND",,,1,1,0,1,,,,,
@,VADA,VALES DE DESPENSA PERIODO ANTERIOR,P,EN,0,,0,1,0,11,N,,,O,0,0,1,0,O,0,0,0,0,O,,,0,0,IMPORTE=PARM1,,,1,1,0,1,,VADA,,,
@,ASPA,ASIGNA PESNION ALIMENTICIA,X,NI,0,,0,1,0,700,N,,,O,0,0,0,0,O,0,0,0,0,O,,,0,0,"$INSERT AN_EMP_FAMILIARESûû**********ûPRINCIPAL:û**********û*IF @USERNAME = ""MANAGER_NOM"" THEN DEBUGûû CALL IO_READ(REG_FAM,""AN_EMP_FAMILIARES"","""",NUM_EMP,"""",1,STATUS)û IF STATUS = 0 THENû  FOR CONT0= 1 TO COUNT(REG_FAM<AN_EMP_FAMILIARES.CLV_DIP_PA%>,@VM)+1û   PORC_PA= REG_FAM<AN_EMP_FAMILIARES.POR_PAR_PA%, CONT0>/100û   REFERENCIA= REG_FAM<AN_EMP_FAMILIARES.REFERENCIA%, CONT0>û   û   IF PORC_PA > 0 THENû    CLV_DIP_PA= REG_FAM<AN_EMP_FAMILIARES.CLV_DIP_PA%, CONT0>û    û    GOSUB GET_IMPû   ENDû  NEXT CONT0û ENDûRETURNûû********ûGET_IMP:û********û BASE= SUM(REG_MOVTO<AN_EMP_MOVTOS.IMP_P%>) / 100û û BEGIN CASEû  CASE TIPO_NOM = ""FA""û   BASE-= DIPM(""EFAH"",""IM"")û   û  CASE TIPO_NOM = ""NQ"" OR TIPO_NOM = ""NF""û   BASE-= DIPM(""@IMS"",""IM"")û   BASE-= DIPM(""@ISP"",""IM"")û   BASE-= DIPM(""@SEP"",""IM"")û   BASE-= DIPM(""FAHC"",""IM"")û   BASE-= DIPM(""VALX"",""IM"")û   û   FINIPER_EXT= FECHA(FINIPER,2,""AAAAMMDD"")û   CALL TABLAS_IMSS(""@IMS"", ZONA_ECO, FINIPER_EXT, PORCENTAJE, IMP_TOPE, IMP_TOPE_EXE, FALTAS,INCAPACIDADES, STATUS)û   FOR CONT1= 1 TO COUNT(FALTAS, @VM) + 1û    BASE-= DIPM(FALTAS<1,CONT1>, ""IM"")û   NEXT CONT1û   FOR CONT1= 1 TO COUNT(INCAPACIDADES, @VM) + 1û    BASE-= DIPM(INCAPACIDADES<1,CONT1>, ""IM"")û   NEXT CONT1û END CASEû û IMP_PA= BASE * PORC_PA / 100û DAT_PA= PORC_PAû û GOSUB SET_MOVTOû û IF DIPM(""VALX"",""IM"") <> 0 THENû  CLV_DIP_PA= ""VADP""û  IMP_PA= DIPM(""VALX"",""IM"") * PORC_PA / 100û  DAT_PA= PORC_PAû  û  GOSUB SET_MOVTOû ENDûRETURNûû**********ûSET_MOVTO:û**********û LOCATE ""#$%&"" IN REG_MOVTO<AN_EMP_MOVTOS.CLV_DIP_D%> USING @VM SETTING POS_PA THEN NULLû IF POS_PA <= 0 THEN  POS_PA= 1û û REG_MOVTO<AN_EMP_MOVTOS.CLV_DIP_D%, POS_PA>= CLV_DIP_PAû REG_MOVTO<AN_EMP_MOVTOS.IMP_D%, POS_PA>= IMP_PA*100û REG_MOVTO<AN_EMP_MOVTOS.DATO_D%, POS_PA>= DAT_PA*100û REG_MOVTO<AN_EMP_MOVTOS.IMP_GRAV_D%, POS_PA>= 0û REG_MOVTO<AN_EMP_MOVTOS.IMP_EXE_D%, POS_PA>= 0û REG_MOVTO<AN_EMP_MOVTOS.FECHA_D%, POS_PA>= """"û REG_MOVTO<AN_EMP_MOVTOS.CCOSTO_D%, POS_PA>= REG_EMP<AN_EMP.CCOSTO%>û REG_MOVTO<AN_EMP_MOVTOS.REFER_D%, POS_PA>= REFERENCIAû REG_MOVTO<AN_EMP_MOVTOS.CAMPO_18%, POS_PA>= """"û REG_MOVTO<AN_EMP_MOVTOS.CAMPO_19%, POS_PA>= """"ûRETURN",,,1,1,0,1,,,,,
@,VAGA,VALES GASOLINA PA,P,EN,0,,0,1,0,12,N,,,O,0,0,1,0,O,0,0,0,0,O,,,0,0,IMPORTE=PARM1,,,1,1,0,1,,VAGA,,,
@,AFON,ANTICIPO DE FONDO DE AHORRO,D,NI,0,,0,1,0,690,N,,,O,0,0,1,0,O,0,0,0,0,O,,,0,0,Importe = PARM1,,,0,1,0,1,,AFON,,,
@,PCG2,PERMISO POR MATRIMONIO,P,GN,1,0,0,1,0,32,N,,,O,0,0,1,0,O,0,0,1,0,O,,,0,0,"*IF PARM2 NE """" AND PARM2 NE 0 THEN IMPORTE= PARM2; DATO= PARM1; RETURNûû*IMPORTE= SDI@ * PARM1ûDATO= PARM1",,,1,1,0,1,,,,,
@,ASUE,AJUSTE EN SUELDO,P,GN,1,1,0,1,0,15,N,,,O,0,0,1,0,O,0,0,1,0,O,,,0,0,Importe = PARM1,,,0,1,0,1,,,,,
@,HEDO,HORAS EXRTRAS DOCTORES,P,GN,1,,0,1,0,20,N,,,O,0,0,1,0,O,0,0,1,0,O,,,0,0,"ûSUELDOPAGO=3121.43ûSALARIO=SDI@[1,6]ûûIF SALARIO=793.50 THEN SUELDOPAGO=2975.63ûIF SALARIO=832.38 THEN SUELDOPAGO=3121.43ûIF SALARIO=837.20 THEN SUELDOPAGO=3139.50ûIF SALARIO=839.18 THEN SUELDOPAGO=3146.93ûIF SALARIO=841.19 THEN SUELDOPAGO=3154.46ûIF SALARIO=843.23 THEN SUELDOPAGO=3162.10ûIF SALARIO=845.23 THEN SUELDOPAGO=3169.62ûIF SALARIO=864.36 THEN SUELDOPAGO=3241.35ûûûIMPORTE=(PARM1)*(SUELDOPAGO/12)ûDATO=PARM1",,,1,1,0,1,,HEDO,,,
@,HEDI,HORAS EXTRAS DOBLES INTEGRABLES,P,GN,0,0,0,1,0,57,N,,,R,0,0,1,0,O,0,0,1,0,O,,,0,0,"IF PARM2 NE """" AND PARM2 NE 0 THEN IMPORTE= PARM2; DATO= PARM1; RETURNûû$INSERT AN_TAB_TURNOû$INSERT AN_TIPOSûûTURNO= PARM4ûûIF TURNO NE """" AND TURNO NE REG_EMP<AN_EMP.TURNO%> THENû CALL IO_READ(REGT,""AN_TAB_TURNO"","""",TURNO,"""",1,STATUS)û HRS_TURNO= REGT<AN_TAB_TURNO.HRS_DIA%> / 100ûEND ELSEû HRS_TURNO= HRD@ûENDûûIF REG_TIPO<AN_TIPOS.PERIODICIDAD%> = ""Q"" THEN HRS_TURNO= 8ûûIF HRS_TURNO = 0 OR HRS_TURNO = """" THEN RETURNûûIMPORTE= PARM1 * SDI@/HRS_TURNO * 2ûDATO= PARM1",,,1,1,0,1,,,,,
@,DOFF,DIA ALLIANZ,P,GN,1,,0,1,0,8,N,,,O,0,0,1,0,O,0,0,1,0,O,,,0,0,"ûIF TIPO_NOM = ""RU"" THENûIMPORTE = 0ûDATO = 0ûRETURNûENDûûûûIF PARM2+0 <> 0 THEN IMPORTE= PARM2; DATO= PARM1; RETURNûûIMPORTE= PARM1 * SDI@ûDATO= PARM1û",,,1,1,0,1,,,,,
@,FAHG,FONDO DE AHORRO GRAVABLE,P,GN,1,1,0,1,0,95,N,,,O,0,0,1,0,O,0,0,1,0,O,,,0,0,,,,0,1,0,0,,,,,
@,DINC,DESC INTERESES CLIENTE,D,NI,0,,0,1,0,776,N,,,R,0,0,1,0,O,0,0,1,0,O,,,0,0,Importe = PARM1ûDato = PARM2,,,1,1,0,1,,,,,
@,I@17,IMPUESTO ESTATAL MORELOS,E,NI,0,,0,0,0,924,N,,,O,0,0,1,0,O,0,0,1,0,O,,,0,0,"/*ûMecánica:û-Obtiene la Base sumando los DIPs definidos en el catálogo maestro cuya clave es igual a la clave de este DIPû-Obtiene la tasa del catálogo CEDO y obtiene el impuesto sobre nominas del empleadoû*/ûû$INSERT AN_CATALOGOSû$INSERT AN_RECINTOSûû*IF @USERNAME = ""MANAGER_NOM"" THEN DEBUGûûWRECINTO = REG_EMP<AN_EMP.RECINTO%>ûCALL IO_READ(REG,""AN_RECINTOS"","""",WRECINTO,"""",0,ST)ûIF ST = 0 THENû    ENT.FED = REG<AN_RECINTOS.ENT_FED%>û    IF ENT.FED <>  ""17"" THEN û       RETURNû   END ELSEû      BASE= 0û     *obtiene Baseû     CALL IO_READ(REG_CAT,""AN_CATALOGOS"","""",CLV_DIP,"""",1,STATUS)û     FOR CONT1= 1 TO COUNT(REG_CAT<AN_CATALOGOS.CLAVES%>,@VM)+1û IF TRIM(REG_CAT<AN_CATALOGOS.CAMPO_3%,CONT1>) = ""S"" OR TRIM(REG_CAT<AN_CATALOGOS.CAMPO_3%,CONT1>) = ""s"" OR TRIM(REG_CAT<AN_CATALOGOS.CAMPO_3%,CONT1>) = """" THENû  BASE+= DIPM(TRIM(REG_CAT<AN_CATALOGOS.CLAVES%,CONT1>),""IM"")û END ELSEû  BASE-= DIPM(TRIM(REG_CAT<AN_CATALOGOS.CLAVES%,CONT1>),""IM"")û ENDû      NEXT CONT1ûû      TASA= 0û      *obtiene Tasaû      CALL IO_READ(REG_CAT,""AN_CATALOGOS"","""",""CEDO"","""",1,STATUS)û      LOCATE CLV_DIP[3,2] IN REG_CAT<AN_CATALOGOS.CLAVES%> USING @VM SETTING POS THENû TASA= REG_CAT<AN_CATALOGOS.CAMPO_3%,POS>û      ENDûû     IMPORTE= BASE * TASA / 100û     DATO= BASEû    ENDûEND",,,1,1,0,1,,,,,
@,TENF,TIEMPO EXTRA NOCTURNO FIJO,P,GN,0,,5,0,0,20,N,,,O,0,0,1,0,O,0,0,1,0,O,,,0,0,"IF PARM1 > 0 THENû   Importe = PARM1ûEND ELSEû CCOSTO = REG_EMP<AN_EMP.CCOSTO%>û  IF TIPO_NOM EQ ""NS"" AND CCOSTO = ""1000000018"" THENû       PNOR = DIPM(""PNOR"",""IM"")û      IMPORTE = PNOR * 0.266667û  ENDûEND ",,,1,1,0,1,,,,,
@,I@27,IMPUESTO ESTATAL TABASCO,E,NI,0,,0,0,0,930,N,,,O,0,0,1,0,O,0,0,1,0,O,,,0,0,"/*ûMecánica:û-Obtiene la Base sumando los DIPs definidos en el catálogo maestro cuya clave es igual a la clave de este DIPû-Obtiene la tasa del catálogo CEDO y obtiene el impuesto sobre nominas del empleadoû*/ûû$INSERT AN_CATALOGOSû$INSERT AN_RECINTOSûû*IF @USERNAME = ""MANAGER_NOM"" THEN DEBUGûûWRECINTO = REG_EMP<AN_EMP.RECINTO%>ûCALL IO_READ(REG,""AN_RECINTOS"","""",WRECINTO,"""",0,ST)ûIF ST = 0 THENû    ENT.FED = REG<AN_RECINTOS.ENT_FED%>û    IF ENT.FED <>  ""27"" THEN û       RETURNû   END ELSEû      BASE= 0û     *obtiene Baseû     CALL IO_READ(REG_CAT,""AN_CATALOGOS"","""",CLV_DIP,"""",1,STATUS)û     FOR CONT1= 1 TO COUNT(REG_CAT<AN_CATALOGOS.CLAVES%>,@VM)+1û IF TRIM(REG_CAT<AN_CATALOGOS.CAMPO_3%,CONT1>) = ""S"" OR TRIM(REG_CAT<AN_CATALOGOS.CAMPO_3%,CONT1>) = ""s"" OR TRIM(REG_CAT<AN_CATALOGOS.CAMPO_3%,CONT1>) = """" THENû  BASE+= DIPM(TRIM(REG_CAT<AN_CATALOGOS.CLAVES%,CONT1>),""IM"")û END ELSEû  BASE-= DIPM(TRIM(REG_CAT<AN_CATALOGOS.CLAVES%,CONT1>),""IM"")û ENDû      NEXT CONT1ûû      TASA= 0û      *obtiene Tasaû      CALL IO_READ(REG_CAT,""AN_CATALOGOS"","""",""CEDO"","""",1,STATUS)û      LOCATE CLV_DIP[3,2] IN REG_CAT<AN_CATALOGOS.CLAVES%> USING @VM SETTING POS THENû TASA= REG_CAT<AN_CATALOGOS.CAMPO_3%,POS>û      ENDûû     IMPORTE= BASE * TASA / 100û     DATO= BASEû    ENDûEND",,,1,1,0,1,,,,,
@,SINA,SEPARACION E INDEMNIZACION NO ACUMULABLE,X,NI,0,,0,1,0,800,N,,,O,0,0,1,0,O,0,0,1,0,O,,,0,0,"IF PARM1 > 0 THENû  IMPORTE = PARM1ûEND ELSEû  IMPORTE.FINIQUITO = DIPM(""LIQU"",""IM"")+DIPM(""NOVE"",""IM"")+DIPM(""PRAN"",""IM"")û  IF IMPORTE.FINIQUITO > 0 THENû      SINA = DIPM(""SIAC"",""IM"")û      Importe = IMPORTE.FINIQUITO -  SINAû  ENDûEND",,,1,1,0,1,,,,,
@,I@11,IMPUESTO ESTATAL GUANAJUATO,E,NI,0,,0,0,0,920,N,,,O,0,0,1,0,O,0,0,1,0,O,,,0,0,"/*ûMecánica:û-Obtiene la Base sumando los DIPs definidos en el catálogo maestro cuya clave es igual a la clave de este DIPû-Obtiene la tasa del catálogo CEDO y obtiene el impuesto sobre nominas del empleadoû*/ûû$INSERT AN_CATALOGOSû$INSERT AN_RECINTOSûû*IF @USERNAME = ""MANAGER_NOM"" THEN DEBUGûûWRECINTO = REG_EMP<AN_EMP.RECINTO%>ûCALL IO_READ(REG,""AN_RECINTOS"","""",WRECINTO,"""",0,ST)ûIF ST = 0 THENû    ENT.FED = REG<AN_RECINTOS.ENT_FED%>û    IF ENT.FED <>  ""11"" THEN û       RETURNû   END ELSEû      BASE= 0û     *obtiene Baseû     CALL IO_READ(REG_CAT,""AN_CATALOGOS"","""",CLV_DIP,"""",1,STATUS)û     FOR CONT1= 1 TO COUNT(REG_CAT<AN_CATALOGOS.CLAVES%>,@VM)+1û IF TRIM(REG_CAT<AN_CATALOGOS.CAMPO_3%,CONT1>) = ""S"" OR TRIM(REG_CAT<AN_CATALOGOS.CAMPO_3%,CONT1>) = ""s"" OR TRIM(REG_CAT<AN_CATALOGOS.CAMPO_3%,CONT1>) = """" THENû  BASE+= DIPM(TRIM(REG_CAT<AN_CATALOGOS.CLAVES%,CONT1>),""IM"")û END ELSEû  BASE-= DIPM(TRIM(REG_CAT<AN_CATALOGOS.CLAVES%,CONT1>),""IM"")û ENDû      NEXT CONT1ûû      TASA= 0û      *obtiene Tasaû      CALL IO_READ(REG_CAT,""AN_CATALOGOS"","""",""CEDO"","""",1,STATUS)û      LOCATE CLV_DIP[3,2] IN REG_CAT<AN_CATALOGOS.CLAVES%> USING @VM SETTING POS THENû TASA= REG_CAT<AN_CATALOGOS.CAMPO_3%,POS>û      ENDûû     IMPORTE= BASE * TASA / 100û     DATO= BASEû    ENDûEND",,,1,1,0,1,,,,,
@,DGPA,DEVOLUCION GYM PASS,P,NI,0,,0,0,0,10,N,,,O,0,0,1,0,O,0,0,1,0,O,,,0,0,IMPORTE=PARM1,,,1,1,0,1,,DGPA,,,
@,PVPV,PRIMA VAC POR PRESCRIPCION DE VAC,P,EN,0,,15,1,0,200,N,,,R,0,0,1,0,O,0,0,1,0,O,,,0,0,"RETURNûûû$INSERT AN_TAB_VACû$INSERT AN_DIPSû$INSERT AN_TIPOSûCOMMON /CALCULO_VARIO/ REG.VAC, REG.GRA, ANTIG_EMPûûIF @USERNAME = ""MANAGER_NOM"" THEN DEBUGûû**************ûPROCESO:û**************û GOSUB GET_SALARIOû û IF PARM1+0 <> 0 AND PARM2+0 <> 0 THENû  DIAS_PVA= PARM1û  PORC_PVA= PARM2û  û  IMPORTE= (DIAS_PVA * PORC_PVA / 100) * SALARIOû  DATO= DIAS_PVAû END ELSEû  GOSUB GET_DATOS_PVAû  û  BASE= SALARIO * PARM1û  û  IF PARM2+0 <> 0 THEN PORC_PVA= PARM2û  û  IMPORTE= BASE * PORC_PVA / 100û  DATO= PORC_PVAû ENDû û GOSUB EXENCIONûRETURNûû************ûGET_SALARIO:û************û SALARIO= SDI@ûRETURNûû**************ûGET_DATOS_PVA:û**************û DIAS_PVA= 0û PORC_PVA= 0û û IF PARM31 NE """" THENû  F_INGRESO_INT= FECHA(PARM31,1,""AAAAMMDD"")û  F_INGRESO_EXT= FECHA(F_INGRESO_INT,2,""AAAAMMDD"")û END ELSEû  F_INGRESO_EXT=REG_EMP<AN_EMP.F_INGRESO%>û  IF F_INGRESO_EXT EQ """" THEN F_INGRESO_EXT=REG_EMP<AN_EMP.F_ALTA%>û  F_INGRESO_INT= FECHA(F_INGRESO_EXT,1,""AAAAMMDD"")û ENDû û /*û F_BAJA_INT= PARM32û IF F_BAJA_INT <> """" THENû  F_ANIV_EXT= EJ_FISCAL%:F_INGRESO_EXT[5,2]:F_INGRESO_EXT[7,2]û  F_ANIV_INT= FECHA(F_ANIV_EXT,1,""AAAAMMDD"")û  û  IF F_BAJA_INT < F_ANIV_INT THEN RETURNû ENDû */û û IF PARM32 <> """" THENû  *finiquitoû  FHASTA_INT= FECHA(PARM32,1,""AAAAMMDD"")û END ELSEû  *nomina normal (aniversario)û  FHASTA_INT= FTERPERû ENDû û ANOS = ANTIGUEDAD(F_INGRESO_INT,FHASTA_INT)û IF PARM4 = ""Finiquito"" THEN ANOS+= 1û û LOCATE ANOS IN REG.VAC<AN_TAB_VAC.ANOS%> BY ""AR"" USING @VM SETTING PP ELSE PP-=1û IF PP LE 0 THEN PP= 1û DIAS_PVA= REG.VAC<AN_TAB_VAC.DIAS_SOBRE%,PP>û PORC_PVA= REG.VAC<AN_TAB_VAC.PRIMA%,PP>ûRETURNûû*********ûEXENCION:û*********û IF IMPORTE EQ 0 OR IMPORTE EQ """" THEN RETURNû û TOPE.NG= REG_DIP<AN_DIPS.TOPE_NG%> * SAL_MINû û EXENTO.PRIMA= DIPA(""@PVA"",""EF"",EJ_FISCAL%,EJ_FISCAL%) + DIPM(""@PVA"",""EF"")û EXENTO.PRIMA+= DIPA(""PVPV"",""EF"",EJ_FISCAL%,EJ_FISCAL%) + DIPM(""PVPV"",""EF"")û EXENTO.PRIMA+= DIPA(""PVAF"",""EF"",EJ_FISCAL%,EJ_FISCAL%) + DIPM(""PVAF"",""EF"")û û *û IF EXENTO.PRIMA GE TOPE.NG THENû  NULLû END ELSEû  IMP_PVA= DIPM(""@PVA"",""IM"")û  IF ( EXENTO.PRIMA + IMP_PVA ) > TOPE.NG THENû   EXENTO.PRIMA= TOPE.NGû  END ELSE û   EXENTO.PRIMA+= IMP_PVAû  ENDû ENDû *ûû IF EXENTO.PRIMA GE TOPE.NG THENû  IMP_GRAV= IMPORTEû END ELSEû  IF ( EXENTO.PRIMA + IMPORTE ) > TOPE.NG THENû   IMP_EXE  = TOPE.NG - EXENTO.PRIMAû   IMP_GRAV = IMPORTE - IMP_EXEû  END ELSE û   IMP_EXE  = IMPORTEû   IMP_GRAV = 0û  ENDû ENDûRETURN",,,1,1,0,1,,,,,
@,VACF,VACACIONES FINIQUITO,P,GN,1,0,0,1,0,200,N,,,R,0,0,1,0,O,0,0,1,0,R,,,0,0,"*IF @USERNAME = ""MANAGER_NOM"" THEN debugûû*Por excepción acepta un importe en parámetro dos y ya no ejecuta fórmulaûIF PARM2+0 <> 0 THEN IMPORTE= PARM2; DATO= PARM1; RETURNûû*resta vac disfrutadasûDIAS= PARM1 - DIPM(""@VAC"",""DA"")ûûIMPORTE= SDI@*DIASûDATO= DIAS",,,1,1,0,1,,,,,
@,INCT,INCAPACIDAD ACCIDENTE EN TRAYECTO,D,GN,1,0,0,1,0,623,N,,,R,0,0,1,0,O,0,0,1,0,O,,,0,0,"IF PARM2 NE """" AND PARM2 NE 0 THEN IMPORTE= PARM2; DATO= PARM1; RETURNûû$INSERT AN_TIPOSûû*obtiene ausentismoûDIAS_AUSE= 0ûFINIPER_EXT=  FECHA(FINIPER,2,""AAAAMMDD"")ûCALL TABLAS_IMSS(""@IMS"", ZONA_ECO, FINIPER_EXT, PORCENTAJE, IMP_TOPE, IMP_TOPE_EXE, FALTAS,INCAPACIDADES, STATUS)ûFOR CONT1= 1 TO COUNT(FALTAS, @VM) + 1û DIAS_AUSE+= DIPM(FALTAS<1,CONT1>, ""DA"")ûNEXT CONT1ûFOR CONT1= 1 TO COUNT(INCAPACIDADES, @VM) + 1û DIAS_AUSE+= DIPM(INCAPACIDADES<1,CONT1>, ""DA"")ûNEXT CONT1ûûIF REG_TIPO<AN_TIPOS.PERIODICIDAD%> = ""S"" THENû DIAS_JOR= DIAS_PERû û DIAS_DISP= DIAS_JOR - DIAS_AUSEû IF DIAS_DISP <= 0 THEN DIAS_DISP= 0û IF PARM1 > DIAS_DISP THEN DIAS_DESC= DIAS_DISP ELSE DIAS_DESC= PARM1û û FACTOR= 7/6ûEND ELSEû DIAS_PAGA= DIPM(""PNOR"",""DA"") + DIPM(""@VAC"",""DA"")û DIAS_DISP= DIAS_PAGA - DIAS_AUSEû û IF DIAS_DISP <= 0 THEN DIAS_DISP= 0û IF PARM1 > DIAS_DISP THEN DIAS_DESC= DIAS_DISP ELSE DIAS_DESC= PARM1ûû FACTOR= 1ûENDûû*IMPORTE= SDI@*DIAS_DESC*FACTORûûIMPORTE= SDI@*DIAS_DESCûDATO= DIAS_DESC",,,1,1,0,1,,,,,
@,FAOE,FONDO DE AHORRO OTRAS NOMINAS EMPRESA,P,EX,0,,0,0,0,8,N,,,R,0,0,1,0,O,0,0,1,0,O,,,0,0,IMPORTE= PARM1,,,1,1,0,1,,FAOE,,,
@,FAOM,FONDO DE AHORRO OTRAS NOMINAS EMPRESA,D,NI,0,,0,0,0,11,N,,,O,0,0,0,0,O,0,0,0,0,O,,,0,0,"IMPORTE=DIPM(""FAOE"",""IM"")",,,1,1,0,1,,FAOM,,,
@,I@30,IMPUESTO ESTATAL VERACRUZ,E,NI,0,,0,0,0,932,N,,,O,0,0,1,0,O,0,0,1,0,O,,,0,0,"/*ûMecánica:û-Obtiene la Base sumando los DIPs definidos en el catálogo maestro cuya clave es igual a la clave de este DIPû-Obtiene la tasa del catálogo CEDO y obtiene el impuesto sobre nominas del empleadoû*/ûû$INSERT AN_CATALOGOSû$INSERT AN_RECINTOSûû*IF @USERNAME = ""MANAGER_NOM"" THEN DEBUGûûWRECINTO = REG_EMP<AN_EMP.RECINTO%>ûCALL IO_READ(REG,""AN_RECINTOS"","""",WRECINTO,"""",0,ST)ûIF ST = 0 THENû    ENT.FED = REG<AN_RECINTOS.ENT_FED%>û    IF ENT.FED <>  ""30"" THEN û       RETURNû   END ELSEû      BASE= 0û     *obtiene Baseû     CALL IO_READ(REG_CAT,""AN_CATALOGOS"","""",CLV_DIP,"""",1,STATUS)û     FOR CONT1= 1 TO COUNT(REG_CAT<AN_CATALOGOS.CLAVES%>,@VM)+1û IF TRIM(REG_CAT<AN_CATALOGOS.CAMPO_3%,CONT1>) = ""S"" OR TRIM(REG_CAT<AN_CATALOGOS.CAMPO_3%,CONT1>) = ""s"" OR TRIM(REG_CAT<AN_CATALOGOS.CAMPO_3%,CONT1>) = """" THENû  BASE+= DIPM(TRIM(REG_CAT<AN_CATALOGOS.CLAVES%,CONT1>),""IM"")û END ELSEû  BASE-= DIPM(TRIM(REG_CAT<AN_CATALOGOS.CLAVES%,CONT1>),""IM"")û ENDû      NEXT CONT1ûû      TASA= 0û      *obtiene Tasaû      CALL IO_READ(REG_CAT,""AN_CATALOGOS"","""",""CEDO"","""",1,STATUS)û      LOCATE CLV_DIP[3,2] IN REG_CAT<AN_CATALOGOS.CLAVES%> USING @VM SETTING POS THENû TASA= REG_CAT<AN_CATALOGOS.CAMPO_3%,POS>û      ENDûû     IMPORTE= BASE * TASA / 100û     DATO= BASEû    ENDûEND",,,1,1,0,1,,,,,
@,DCEL,DESCUENTO CELULAR,D,NI,0,,0,0,0,10,N,,,O,0,0,1,0,O,0,0,0,0,O,,,0,0,IMPORTE=PARM1ûDATO=1,,,1,1,0,1,,DCEL,,,
@,VRIM,TARJETA VRIM,D,NI,0,,0,0,1,725,N,,,O,0,0,1,0,R,0,0,1,0,O,,,0,0,Importe = PARM1ûDato = PARM2,,,1,1,0,1,,,,,
@,SDLI,SALARIO INTEGRADO PARA LIQUIDACION,X,NI,0,,0,1,0,3,N,,,O,0,0,1,0,O,0,0,1,0,O,,,0,0,"**********ûPRINCIPAL:û**********û*IF @USERNAME = ""MANAGER_NOM"" THEN DEBUGû*IF @USERNAME = ""ADMINISTRADOR"" THEN DEBUGûû LOCATE ""Finiquito"" IN REG_EMP_INCI<AN_EMP_INCI.REFERENCIA%> USING @VM SETTING POS_FINI THEN NULL ELSE RETURNû û IF PARM2+0 <> 0 THENû  IMPORTE= PARM2û END ELSEû  IMPORTE= SDI@û  û  GOSUB AGUI_PVACû  IMPORTE+= IMP_DIAû  û  GOSUB FAHOû  IMPORTE+= IMP_DIAû  û  GOSUB VALESû  IMPORTE+= IMP_DIAû ENDû û REG_EMP<AN_EMP.SAL_INT_FINI%>= IMPORTE*100û CALL IO_WRITE(REG_EMP,""AN_EMP"","""",NUM_EMP,"""",0,STATUS)ûRETURNûû**********ûAGUI_PVAC:û**********û TIPO_NOM_BK= TIPO_NOMû û TN_EMP= REG_EMP<AN_EMP.TIPO_NOM%>û CALL SALARIOS (NUM_EMP, TN_EMP, FACTOR_IMSS, FACTOR_INFO)û û TIPO_NOM= TIPO_NOM_BKû û IMP_DIA= SDI@*FACTOR_IMSS/100ûRETURNûû*****ûFAHO:û*****û PORCENTAJE= 13.00û û *Se calcula el tope exento como el 13% de 10 Salarios Minimosû TOPE_DIA= SAL_MIN*10*13/100*30.4/30û û SAL_FULL= SDI@*PORCENTAJE/100û IF SAL_FULL > TOPE_DIA THENû  IMP_DIA= TOPE_DIAû END ELSEû  IMP_DIA= SAL_FULLû ENDûRETURNûû******ûVALES:û******û *****************û VALOR_GRAL= 1300û *****************û VALOR_DIRS= 2925.09û *****************û û IF REG_EMP<AN_EMP.CATEGORIA%>+0 <= 3.1 THENû  *categorias Director o Superiorû  VALOR= VALOR_DIRSû END ELSEû  *categorias inferiores a Directorû  VALOR= VALOR_GRALû ENDû û IMP_DIA= VALOR/30ûRETURN",,,1,1,0,1,,,,,
@,CAJA,CAJA DE AHORRO,D,NI,0,,0,1,0,750,N,,,R,0,0,1,0,O,0,0,1,0,O,,,0,0,Importe = PARM1ûDato = PARM2,,,1,1,0,1,,,,,
@,DIAS,DIAS LABORADOS,X,NI,0,0,0,1,0,649,N,,,O,0,0,1,0,O,0,0,1,0,O,,,0,0,"FINIPER_EXT= FECHA(FINIPER,2,""AAAAMMDD"")ûCALL TABLAS_IMSS(""@IMS"", ZONA_ECO, FINIPER_EXT, PORCENTAJE, IMP_TOPE, IMP_TOPE_EXE, FALTAS, INCAPACIDADES, STATUS)ûûDATO= DIPM(""PNOR"",""DA"") + DIPM(""@VAC"",""DA"")ûûFOR CONT1= 1 TO COUNT(FALTAS, @VM) + 1û DATO-= DIPM(FALTAS<1,CONT1>,""DA"")ûNEXT CONTûûFOR CONT1= 1 TO COUNT(INCAPACIDADES, @VM) + 1û DATO-= DIPM(INCAPACIDADES<1,CONT1>, ""DA"")ûNEXT CONT1",,,1,1,0,1,,,,,
@,I@15,IMPUESTO ESTATAL ESTADO DE MEXICO,E,NI,0,,0,0,0,922,N,,,O,0,0,1,0,O,0,0,1,0,O,,,0,0,"/*ûMecánica:û-Obtiene la Base sumando los DIPs definidos en el catálogo maestro cuya clave es igual a la clave de este DIPû-Obtiene la tasa del catálogo CEDO y obtiene el impuesto sobre nominas del empleadoû*/ûû$INSERT AN_CATALOGOSû$INSERT AN_RECINTOSûû*IF @USERNAME = ""MANAGER_NOM"" THEN DEBUGûûWRECINTO = REG_EMP<AN_EMP.RECINTO%>ûCALL IO_READ(REG,""AN_RECINTOS"","""",WRECINTO,"""",0,ST)ûIF ST = 0 THENû    ENT.FED = REG<AN_RECINTOS.ENT_FED%>û    IF ENT.FED <>  ""15"" THEN û       RETURNû   END ELSEû      BASE= 0û     *obtiene Baseû     CALL IO_READ(REG_CAT,""AN_CATALOGOS"","""",CLV_DIP,"""",1,STATUS)û     FOR CONT1= 1 TO COUNT(REG_CAT<AN_CATALOGOS.CLAVES%>,@VM)+1û IF TRIM(REG_CAT<AN_CATALOGOS.CAMPO_3%,CONT1>) = ""S"" OR TRIM(REG_CAT<AN_CATALOGOS.CAMPO_3%,CONT1>) = ""s"" OR TRIM(REG_CAT<AN_CATALOGOS.CAMPO_3%,CONT1>) = """" THENû  BASE+= DIPM(TRIM(REG_CAT<AN_CATALOGOS.CLAVES%,CONT1>),""IM"")û END ELSEû  BASE-= DIPM(TRIM(REG_CAT<AN_CATALOGOS.CLAVES%,CONT1>),""IM"")û ENDû      NEXT CONT1ûû      TASA= 0û      *obtiene Tasaû      CALL IO_READ(REG_CAT,""AN_CATALOGOS"","""",""CEDO"","""",1,STATUS)û      LOCATE CLV_DIP[3,2] IN REG_CAT<AN_CATALOGOS.CLAVES%> USING @VM SETTING POS THENû TASA= REG_CAT<AN_CATALOGOS.CAMPO_3%,POS>û      ENDûû     IMPORTE= BASE * TASA / 100û     DATO= BASEû    ENDûEND",,,1,1,0,1,,,,,
@,COVG,COMISION DISPERSION VALES GASOLINA,E,NI,0,,0,0,0,999,N,,,O,0,0,0,0,O,0,0,0,0,O,,,0,0,"IMPORTE=DIPM(""VGAS"",""IM"")*0.0638",,,1,1,0,1,,COVG,,,
@,I@09,IMPUESTO ESTATAL CIUDAD DE MEXICO,E,NI,0,,0,0,0,915,N,,,O,0,0,1,0,O,0,0,1,0,O,,,0,0,"/*ûMecánica:û-Obtiene la Base sumando los DIPs definidos en el catálogo maestro cuya clave es igual a la clave de este DIPû-Obtiene la tasa del catálogo CEDO y obtiene el impuesto sobre nominas del empleadoû*/ûû$INSERT AN_CATALOGOSû$INSERT AN_RECINTOSûû*IF @USERNAME = ""MANAGER_NOM"" THEN DEBUGûûWRECINTO = REG_EMP<AN_EMP.RECINTO%>ûCALL IO_READ(REG,""AN_RECINTOS"","""",WRECINTO,"""",0,ST)ûIF ST = 0 THENû    ENT.FED = REG<AN_RECINTOS.ENT_FED%>û    IF ENT.FED <>  ""09"" THEN û       RETURNû   END ELSEû      BASE= 0û     *obtiene Baseû     CALL IO_READ(REG_CAT,""AN_CATALOGOS"","""",CLV_DIP,"""",1,STATUS)û     FOR CONT1= 1 TO COUNT(REG_CAT<AN_CATALOGOS.CLAVES%>,@VM)+1û IF TRIM(REG_CAT<AN_CATALOGOS.CAMPO_3%,CONT1>) = ""S"" OR TRIM(REG_CAT<AN_CATALOGOS.CAMPO_3%,CONT1>) = ""s"" OR TRIM(REG_CAT<AN_CATALOGOS.CAMPO_3%,CONT1>) = """" THENû  BASE+= DIPM(TRIM(REG_CAT<AN_CATALOGOS.CLAVES%,CONT1>),""IM"")û END ELSEû  BASE-= DIPM(TRIM(REG_CAT<AN_CATALOGOS.CLAVES%,CONT1>),""IM"")û ENDû      NEXT CONT1ûû      TASA= 0û      *obtiene Tasaû      CALL IO_READ(REG_CAT,""AN_CATALOGOS"","""",""CEDO"","""",1,STATUS)û      LOCATE CLV_DIP[3,2] IN REG_CAT<AN_CATALOGOS.CLAVES%> USING @VM SETTING POS THENû TASA= REG_CAT<AN_CATALOGOS.CAMPO_3%,POS>û      ENDûû     IMPORTE= BASE * TASA / 100û     DATO= BASEû    ENDûEND",,,1,1,0,1,,,,,
@,MATA,MATERNIDAD ALLIANZ,P,GN,0,,0,0,0,8,N,,,O,0,0,1,0,O,0,0,1,0,O,,,0,0,IMPORTE=PARM1*SDI@ûDATO=PARM1,,,1,1,0,1,,MATA,,,
@,RPVM,RETROACTIVO PRIMA VACACIONAL M,P,GN,1,,0,0,0,10,N,,,O,0,0,1,0,O,0,0,1,0,O,,,0,0,Importe = PARM1,,,0,1,0,1,,RPVM,,,
@,RVCM,RETROACTIVO VACACIONES M,P,GN,1,,0,0,0,10,N,,,O,0,0,1,0,O,0,0,1,0,O,,,0,0,Importe = PARM1,,,0,1,0,1,,RVCM,,,
@,I@01,IMPUESTO ESTATAL AGUSCALIENTES,E,NI,0,,0,0,0,916,N,,,O,0,0,1,0,O,0,0,1,0,O,,,0,0,"/*ûMecánica:û-Obtiene la Base sumando los DIPs definidos en el catálogo maestro cuya clave es igual a la clave de este DIPû-Obtiene la tasa del catálogo CEDO y obtiene el impuesto sobre nominas del empleadoû*/ûû$INSERT AN_CATALOGOSû$INSERT AN_RECINTOSûû*IF @USERNAME = ""MANAGER_NOM"" THEN DEBUGûûWRECINTO = REG_EMP<AN_EMP.RECINTO%>ûCALL IO_READ(REG,""AN_RECINTOS"","""",WRECINTO,"""",0,ST)ûIF ST = 0 THENû    ENT.FED = REG<AN_RECINTOS.ENT_FED%>û    IF ENT.FED <>  ""01"" THEN û       RETURNû   END ELSEû      BASE= 0û     *obtiene Baseû     CALL IO_READ(REG_CAT,""AN_CATALOGOS"","""",CLV_DIP,"""",1,STATUS)û     FOR CONT1= 1 TO COUNT(REG_CAT<AN_CATALOGOS.CLAVES%>,@VM)+1û IF TRIM(REG_CAT<AN_CATALOGOS.CAMPO_3%,CONT1>) = ""S"" OR TRIM(REG_CAT<AN_CATALOGOS.CAMPO_3%,CONT1>) = ""s"" OR TRIM(REG_CAT<AN_CATALOGOS.CAMPO_3%,CONT1>) = """" THENû  BASE+= DIPM(TRIM(REG_CAT<AN_CATALOGOS.CLAVES%,CONT1>),""IM"")û END ELSEû  BASE-= DIPM(TRIM(REG_CAT<AN_CATALOGOS.CLAVES%,CONT1>),""IM"")û ENDû      NEXT CONT1ûû      TASA= 0û      *obtiene Tasaû      CALL IO_READ(REG_CAT,""AN_CATALOGOS"","""",""CEDO"","""",1,STATUS)û      LOCATE CLV_DIP[3,2] IN REG_CAT<AN_CATALOGOS.CLAVES%> USING @VM SETTING POS THENû TASA= REG_CAT<AN_CATALOGOS.CAMPO_3%,POS>û      ENDûû     IMPORTE= BASE * TASA / 100û     DATO= BASEû    ENDûEND",,,1,1,0,1,,,,,
@,BFON,AYUDA AL AHORRO,P,EX,0,,0,1,0,16,N,,,O,0,0,1,0,O,0,0,1,0,O,,,0,0,IMPORTE=PARM1,,,1,1,0,1,,,,,
@,IANT,ISR EJERCICIO ANTERIOR,D,GN,0,,0,0,0,20,N,,,O,0,0,0,0,O,0,0,0,0,O,,,0,0,IMPORTE=PARM1,,,1,1,0,1,,IANT,,,
@,@RVA,RETROCATIVO VACACIONES PERIODO ANT,P,GN,1,,0,1,0,15,N,,,O,0,0,1,0,O,0,0,1,0,O,,,0,0,Importe = PARM1ûDato = PARM2,,,0,1,0,1,,@RVA,,,
@,PVAF,PRIMA VACACIONAL FINIQUITO,P,EN,0,,15,1,0,250,N,,,O,0,0,1,0,O,0,0,1,0,O,,,0,0,"$INSERT AN_TAB_VACû$INSERT AN_DIPSû$INSERT AN_TIPOSûCOMMON /CALCULO_VARIO/ REG.VAC, REG.GRA, ANTIG_EMPûû*Por excepción acepta un importe en parámetro dos y ya no ejecuta fórmulaûIF PARM2 NE """" AND PARM2 NE 0 THEN IMPORTE= PARM2; DATO= PARM1; RETURNûû*IF @USERNAME = ""MANAGER_NOM"" THEN DEBUGûû**************ûPROCESO:û**************û GOSUB GET_SALARIOû û IF PARM1+0 <> 0 AND PARM2+0 <> 0 THENû  DIAS_PVA= PARM1û  PORC_PVA= PARM2û END ELSEû  GOSUB GET_DATOS_PVAû  û  IF PARM1+0 <> 0 THEN DIAS_PVA= PARM1û  IF PARM2+0 <> 0 THEN PORC_PVA= PARM2û ENDû û IMPORTE= (DIAS_PVA * PORC_PVA / 100) * SALARIOû DATO= DIAS_PVAû û GOSUB EXENCIONûRETURNûû************ûGET_SALARIO:û************û  SALARIO= SDI@ûRETURNûû**************ûGET_DATOS_PVA:û**************û DIAS_PVA= 0û PORC_PVA= 0û û IF PARM31 NE """" THENû  F_INGRESO_INT= FECHA(PARM31,1,""AAAAMMDD"")û  F_INGRESO_EXT= FECHA(F_INGRESO_INT,2,""AAAAMMDD"")û END ELSEû  F_INGRESO_EXT=REG_EMP<AN_EMP.F_INGRESO%>û  IF F_INGRESO_EXT EQ """" THEN F_INGRESO_EXT=REG_EMP<AN_EMP.F_ALTA%>û  F_INGRESO_INT= FECHA(F_INGRESO_EXT,1,""AAAAMMDD"")û ENDû û F_BAJA_EXT= PARM32û F_BAJA_INT= FECHA(F_BAJA_EXT,1,""AAAAMMDD"")û û F_ANIV_EXT= F_BAJA_EXT[1,4]:F_INGRESO_EXT[5,2]:F_INGRESO_EXT[7,2]û IF F_ANIV_EXT > F_BAJA_EXT THEN F_ANIV_EXT= F_BAJA_EXT[1,4]-1:F_INGRESO_EXT[5,2]:F_INGRESO_EXT[7,2]û F_ANIV_INT= FECHA(F_ANIV_EXT,1,""AAAAMMDD"")û û DIAS_FINI= F_BAJA_INT - F_ANIV_INT + 1û û ANOS = ANTIGUEDAD(F_INGRESO_INT,F_BAJA_INT) + 1û û LOCATE ANOS IN REG.VAC<AN_TAB_VAC.ANOS%> BY ""AR"" USING @VM SETTING PP ELSE PP-=1û IF PP LE 0 THEN PP= 1û DIAS_PVA= REG.VAC<AN_TAB_VAC.DIAS_SOBRE%,PP>û PORC_PVA= REG.VAC<AN_TAB_VAC.PRIMA%,PP>û û DIAS_PVA= DIAS_PVA*DIAS_FINI/365ûRETURNûû*********ûEXENCION:û*********û IF IMPORTE EQ 0 OR IMPORTE EQ """" THEN RETURNû û TOPE.NG= REG_DIP<AN_DIPS.TOPE_NG%> * SAL_MINû û EXENTO.PRIMA= DIPA(""@PVA"",""EF"",F_BAJA_EXT[1,4],F_BAJA_EXT[1,4])û EXENTO.PRIMA+= DIPA(""PVPV"",""EF"",F_BAJA_EXT[1,4],F_BAJA_EXT[1,4])û EXENTO.PRIMA+= DIPA(""PVAF"",""EF"",F_BAJA_EXT[1,4],F_BAJA_EXT[1,4])û û *û IF EXENTO.PRIMA GE TOPE.NG THENû  NULLû END ELSEû  IMP_PVA= DIPM(""@PVA"",""IM"")û  IF ( EXENTO.PRIMA + IMP_PVA ) > TOPE.NG THENû   EXENTO.PRIMA= TOPE.NGû  END ELSE û   EXENTO.PRIMA+= IMP_PVAû  ENDû ENDû *ûû *û IF EXENTO.PRIMA GE TOPE.NG THENû  NULLû END ELSEû  IMP_PVA= DIPM(""PVPV"",""IM"")û  IF ( EXENTO.PRIMA + IMP_PVA ) > TOPE.NG THENû   EXENTO.PRIMA= TOPE.NGû  END ELSE û   EXENTO.PRIMA+= IMP_PVAû  ENDû ENDû *û û IF EXENTO.PRIMA GE TOPE.NG THENû  IMP_GRAV= IMPORTEû END ELSEû  IF ( EXENTO.PRIMA + IMPORTE ) > TOPE.NG THENû   IMP_EXE  = TOPE.NG - EXENTO.PRIMAû   IMP_GRAV = IMPORTE - IMP_EXEû  END ELSE û   IMP_EXE  = IMPORTEû   IMP_GRAV = 0û  ENDû ENDûRETURN",,,1,1,0,1,,,,,
@,I@03,IMPUESTO ESTATAL BAJA CALIFORNIA SUR,E,NI,0,,0,0,0,918,N,,,O,0,0,1,0,O,0,0,1,0,O,,,0,0,"/*ûMecánica:û-Obtiene la Base sumando los DIPs definidos en el catálogo maestro cuya clave es igual a la clave de este DIPû-Obtiene la tasa del catálogo CEDO y obtiene el impuesto sobre nominas del empleadoû*/ûû$INSERT AN_CATALOGOSû$INSERT AN_RECINTOSûû*IF @USERNAME = ""MANAGER_NOM"" THEN DEBUGûûWRECINTO = REG_EMP<AN_EMP.RECINTO%>ûCALL IO_READ(REG,""AN_RECINTOS"","""",WRECINTO,"""",0,ST)ûIF ST = 0 THENû    ENT.FED = REG<AN_RECINTOS.ENT_FED%>û    IF ENT.FED <>  ""03"" THEN û       RETURNû   END ELSEû      BASE= 0û     *obtiene Baseû     CALL IO_READ(REG_CAT,""AN_CATALOGOS"","""",CLV_DIP,"""",1,STATUS)û     FOR CONT1= 1 TO COUNT(REG_CAT<AN_CATALOGOS.CLAVES%>,@VM)+1û IF TRIM(REG_CAT<AN_CATALOGOS.CAMPO_3%,CONT1>) = ""S"" OR TRIM(REG_CAT<AN_CATALOGOS.CAMPO_3%,CONT1>) = ""s"" OR TRIM(REG_CAT<AN_CATALOGOS.CAMPO_3%,CONT1>) = """" THENû  BASE+= DIPM(TRIM(REG_CAT<AN_CATALOGOS.CLAVES%,CONT1>),""IM"")û END ELSEû  BASE-= DIPM(TRIM(REG_CAT<AN_CATALOGOS.CLAVES%,CONT1>),""IM"")û ENDû      NEXT CONT1ûû      TASA= 0û      *obtiene Tasaû      CALL IO_READ(REG_CAT,""AN_CATALOGOS"","""",""CEDO"","""",1,STATUS)û      LOCATE CLV_DIP[3,2] IN REG_CAT<AN_CATALOGOS.CLAVES%> USING @VM SETTING POS THENû TASA= REG_CAT<AN_CATALOGOS.CAMPO_3%,POS>û      ENDûû     IMPORTE= BASE * TASA / 100û     DATO= BASEû    ENDûEND",,,1,1,0,1,,,,,
@,SIAN,SEPARACION E INDEMNIZACION AÑOS,X,NI,0,,0,1,0,790,N,,,O,0,0,1,0,O,0,0,1,0,O,,,0,0,"IF PARM1 > 0 THENû  IMPORTE = PARM1ûEND ELSEû  DIP_INDE = ""PRAN""û  LOCATE DIP_INDE IN REG_EMP_INCI<1> USING @VM SETTING PI THENû    FD = REG_EMP_INCI<AN_EMP_INCI.PARAM3_DESDE%,PI>û    FH = REG_EMP_INCI<AN_EMP_INCI.PARAM3_HASTA%,PI>û    FDI = FECHA(FD,""1"",""AAAAMMDD"")û    FHI = FECHA(FH,""1"",""AAAAMMDD"")û    ANIOS = INT((FHI-FDI+1)/365+.50)û    IMPORTE = ANIOSû  END ELSEû    IMPORTE = 0û  ENDûEND",,,1,1,0,1,,,,,
@,BRET,BONO RETROACTIVO,P,GN,0,,0,0,0,65,N,,,O,0,0,1,0,O,0,0,1,0,O,,,0,0,Importe = PARM1,,,1,1,0,1,,BRET,,,
@,CAST,CASTIGO,D,GN,0,0,0,1,0,553,N,,,O,0,0,1,0,O,0,0,1,0,O,,,0,0,"IF PARM2 NE """" AND PARM2 NE 0 THEN IMPORTE= PARM2; DATO= PARM1; RETURNûû$INSERT AN_TIPOSûû*obtiene ausentismoûDIAS_AUSE= 0ûFINIPER_EXT=  FECHA(FINIPER,2,""AAAAMMDD"")ûCALL TABLAS_IMSS(""@IMS"", ZONA_ECO, FINIPER_EXT, PORCENTAJE, IMP_TOPE, IMP_TOPE_EXE, FALTAS,INCAPACIDADES, STATUS)ûFOR CONT1= 1 TO COUNT(FALTAS, @VM) + 1û DIAS_AUSE+= DIPM(FALTAS<1,CONT1>, ""DA"")ûNEXT CONT1ûFOR CONT1= 1 TO COUNT(INCAPACIDADES, @VM) + 1û DIAS_AUSE+= DIPM(INCAPACIDADES<1,CONT1>, ""DA"")ûNEXT CONT1ûûIF REG_TIPO<AN_TIPOS.PERIODICIDAD%> = ""S"" THENû DIAS_JOR= HRT@/HRD@û û DIAS_DISP= DIAS_JOR - DIAS_AUSEû IF DIAS_DISP <= 0 THEN DIAS_DISP= 0û IF PARM1 > DIAS_DISP THEN DIAS_DESC= DIAS_DISP ELSE DIAS_DESC= PARM1û û FACTOR= 7/DIAS_JORûEND ELSEû DIAS_DESC= PARM1û FACTOR= 1ûENDûûIMPORTE= SDI@*DIAS_DESC*FACTORûDATO= PARM1",,,1,1,0,1,,,,,
@,I@21,IMPUESTO ESTATAL PUEBLA,E,NI,0,,0,0,0,926,N,,,O,0,0,1,0,O,0,0,1,0,O,,,0,0,"/*ûMecánica:û-Obtiene la Base sumando los DIPs definidos en el catálogo maestro cuya clave es igual a la clave de este DIPû-Obtiene la tasa del catálogo CEDO y obtiene el impuesto sobre nominas del empleadoû*/ûû$INSERT AN_CATALOGOSû$INSERT AN_RECINTOSûû*IF @USERNAME = ""MANAGER_NOM"" THEN DEBUGûûWRECINTO = REG_EMP<AN_EMP.RECINTO%>ûCALL IO_READ(REG,""AN_RECINTOS"","""",WRECINTO,"""",0,ST)ûIF ST = 0 THENû    ENT.FED = REG<AN_RECINTOS.ENT_FED%>û    IF ENT.FED <>  ""21"" THEN û       RETURNû   END ELSEû      BASE= 0û     *obtiene Baseû     CALL IO_READ(REG_CAT,""AN_CATALOGOS"","""",CLV_DIP,"""",1,STATUS)û     FOR CONT1= 1 TO COUNT(REG_CAT<AN_CATALOGOS.CLAVES%>,@VM)+1û IF TRIM(REG_CAT<AN_CATALOGOS.CAMPO_3%,CONT1>) = ""S"" OR TRIM(REG_CAT<AN_CATALOGOS.CAMPO_3%,CONT1>) = ""s"" OR TRIM(REG_CAT<AN_CATALOGOS.CAMPO_3%,CONT1>) = """" THENû  BASE+= DIPM(TRIM(REG_CAT<AN_CATALOGOS.CLAVES%,CONT1>),""IM"")û END ELSEû  BASE-= DIPM(TRIM(REG_CAT<AN_CATALOGOS.CLAVES%,CONT1>),""IM"")û ENDû      NEXT CONT1ûû      TASA= 0û      *obtiene Tasaû      CALL IO_READ(REG_CAT,""AN_CATALOGOS"","""",""CEDO"","""",1,STATUS)û      LOCATE CLV_DIP[3,2] IN REG_CAT<AN_CATALOGOS.CLAVES%> USING @VM SETTING POS THENû TASA= REG_CAT<AN_CATALOGOS.CAMPO_3%,POS>û      ENDûû     IMPORTE= BASE * TASA / 100û     DATO= BASEû    ENDûEND",,,1,1,0,1,,,,,
@,SUSP,SUSPENSION,D,GN,1,,0,1,0,600,N,,,R,0,0,1,0,O,0,0,1,0,O,,,0,0,"IF PARM2 NE """" AND PARM2 NE 0 THEN IMPORTE= PARM2; DATO= PARM1; RETURNûû$INSERT AN_TIPOSûû*obtiene ausentismoûDIAS_AUSE= 0ûFINIPER_EXT=  FECHA(FINIPER,2,""AAAAMMDD"")ûCALL TABLAS_IMSS(""@IMS"", ZONA_ECO, FINIPER_EXT, PORCENTAJE, IMP_TOPE, IMP_TOPE_EXE, FALTAS,INCAPACIDADES, STATUS)ûFOR CONT1= 1 TO COUNT(FALTAS, @VM) + 1û DIAS_AUSE+= DIPM(FALTAS<1,CONT1>, ""DA"")ûNEXT CONT1ûFOR CONT1= 1 TO COUNT(INCAPACIDADES, @VM) + 1û DIAS_AUSE+= DIPM(INCAPACIDADES<1,CONT1>, ""DA"")ûNEXT CONT1ûûIF REG_TIPO<AN_TIPOS.PERIODICIDAD%> = ""S"" THENû DIAS_JOR= DIAS_PERû û DIAS_DISP= DIAS_JOR - DIAS_AUSEû IF DIAS_DISP <= 0 THEN DIAS_DISP= 0û IF PARM1 > DIAS_DISP THEN DIAS_DESC= DIAS_DISP ELSE DIAS_DESC= PARM1û û FACTOR= 1ûEND ELSEû DIAS_DESC= PARM1û FACTOR= 1ûENDûûIMPORTE= SDI@*DIAS_DESC*FACTORûDATO= PARM1",,,1,1,0,1,,,,,
@,CSUB,CALCULO DE SUBSIDIO MENSUAL,X,NI,0,,0,0,0,940,N,,,O,0,0,0,0,O,0,0,0,0,O,,,0,0,"COMMON /AJUSTE/ TABLA_ISRM91, TABLA_ISRA91, TABLA_SUB91, TABLA_SUBA91, TABLA_ISRMEN, TABLA_SUBMEN,TABLA_CREDMEN, TOT.SUB.ANUAL, ISPT.CALC.ANUAL, CRED.CALC.ANUAL, AJUSTE.ANUAL ûIMPORTE = 0û$INSERT AN_DIPSûBASE_ACT = 0ûûLOCATE ""$%&#"" IN REG_MOVTO<AN_EMP_MOVTOS.CLV_DIP_P%> USING @VM SETTING PP ELSE PP-=1ûFOR P = 1 TO PPû   IG = REG_MOVTO<AN_EMP_MOVTOS.IMP_GRAV_P%,P>û   IF IG <> 0 THENû      DIP = REG_MOVTO<AN_EMP_MOVTOS.CLV_DIP_P%,P>û      RDIP= TRAEDIP(DIP,TIPO_NOM)û      TG  = RDIP<AN_DIPS.GRAV_NG%>û      IF TG = ""GN"" OR TG = ""EN"" THENû         BASE_ACT+=IG       û      ENDû   ENDûNEXT PûûLOCATE ""$%&#"" IN REG_MOVTO<AN_EMP_MOVTOS.CLV_DIP_D%> USING @VM SETTING DD ELSE DD-=1ûFOR D = 1 TO DDû   IG = REG_MOVTO<AN_EMP_MOVTOS.IMP_GRAV_D%,D>û   IF IG <> 0 THENû      DIP = REG_MOVTO<AN_EMP_MOVTOS.CLV_DIP_D%,D>û      RDIP= TRAEDIP(DIP,TIPO_NOM)û      TG  = RDIP<AN_DIPS.GRAV_NG%>û      IF TG = ""GN"" OR TG = ""EN"" THENû         BASE_ACT-=IG       û      ENDû   ENDûNEXT DûANO.PER = EJ_FISCAL%ûBASE_SEC=DIPA(""@TPG"",""IM"",ANO.PER:MES_BASE, ANO.PER:MES_BASE)+(BASE_ACT/100)ûTOT.SEC.ACUM=DIPA(""@SEC"",""IM"",ANO.PER:MES_BASE, ANO.PER:MES_BASE) + DIPM(""@SEC"",""IM"")ûûCALL BUSCAENTABLA(TABLA_SUBMEN, BASE_SEC, LIMITEINF, CUOTAFIJA, PORCEXCED, RENGLON, RESULTADO)ûSEC_MEN_TABLA = RESULTADOû$INSERT AN_TIPOSûPERIODO = REG_TIPO<AN_TIPOS.NUM_PER_ACTUAL%>ûûIF SEC_MEN_TABLA < TOT.SEC.ACUM THENû IF SEC_MEN_TABLA = 0 THENû     TOT.SEC.ACUM_ACRED=(DIPA(""@SEA"",""IM"",ANO.PER:MES_BASE, ANO.PER:MES_BASE) + DIPM(""@SEA"",""IM""))*-1û     IMPORTE = TOT.SEC.ACUM_ACREDû  DATO = SEC_MEN_TABLAû  RDIP = TRAEDIP(""@ISP"",TIPO_NOM)û  CALL CALCULO_CREA_MOVTO (RDIP, ""@ISP"", IMPORTE, DATO,0,0,""AJUSTE SUB"", """", REG_EMP<AN_EMP.CCOSTO%>,0,PERIODO) û END ELSEû     DIFERENCIA = TOT.SEC.ACUM - SEC_MEN_TABLAû     IMPORTE = DIFERENCIAû  DATO = SEC_MEN_TABLAû  RDIP = TRAEDIP(""@ISP"",TIPO_NOM)û  CALL CALCULO_CREA_MOVTO (RDIP, ""@ISP"", IMPORTE, DATO,0,0,""AJUSTE SUB"", """", REG_EMP<AN_EMP.CCOSTO%>,0,PERIODO)û ENDûENDû",,,1,1,0,1,,,,,
@,OP07,ISR AJUSTADO POR SUBSIDIO,P,GN,0,,0,0,0,950,N,,,O,0,0,0,0,O,0,0,0,0,O,,,0,0,"CSUB = DIPM(""CSUB"",""IM"")ûIF CSUB > 0 THENû    DCSUB = DIPM(""CSUB"",""DA"")û    IF DCSUB EQ 0 THENû       SEA = DIPA(""@SEA"",""IM"",EJ_FISCAL%:MES_BASE,EJ_FISCAL%:MES_BASE)û       IF SEA < 0 THEN û          SEA = SEA*-1û       ENDû       IMPORTE = SEAû    END ELSEû       IMPORTE = CSUBû    ENDûENDû",,,1,1,0,1,,,,,
@,OP08,SUBSIDIO ENTREGADO QUE NO CORRESPONDE,P,GN,0,,0,0,0,952,N,,,O,0,0,0,0,O,0,0,0,0,O,,,0,0,"CSUB= DIPM(""CSUB"",""IM"")ûIF CSUB > 0 THENû    DCSUB = DIPM(""CSUB"",""DA"")û    IF DCSUB EQ 0 THENû        SEP = DIPA(""@SEP"",""IM"",EJ_FISCAL%:MES_BASE,EJ_FISCAL%:MES_BASE)û        IMPORTE = SEPû    END ELSEû        IMPORTE = CSUBû    ENDûENDû",,,1,1,0,1,,,,,
@,D071,AJUSTE AL SUBSIDIO EFECTIVAMENTE PAGADO,D,NI,0,,0,0,0,960,N,,,O,0,0,0,0,O,0,0,0,0,O,,,0,0,"CSUB = DIPM(""CSUB"",""IM"")ûIF CSUB > 0 THENû    DCSUB = DIPM(""CSUB"",""DA"")û    IF DCSUB EQ 0 THENû        SEP = DIPA(""@SEP"",""IM"",EJ_FISCAL%:MES_BASE,EJ_FISCAL%:MES_BASE)û        IMPORTE = SEPû    END ELSEû       IMPORTE = CSUBû    ENDûEND",,,1,1,0,1,,,,,
@,PAL6,PENSION ALIMENTICIA,D,NI,0,,0,0,0,999,N,,,O,0,0,1,0,O,0,0,1,0,O,,,0,0,$INSERT INS_BASICOSûûINICIO=FINIPERûFIN=FTERPERûûDIAS=(FIN-INICIO)+1ûûIMPORTE=DIAS*172.87ûDATO=DIAS,,,1,1,0,1,,,,,
@,PALI,PENSION ALIMENTICIA,D,NI,0,0,0,1,0,691,N,,,O,0,0,1,0,O,0,0,1,0,O,,,0,0,"IF PARM2+0 <> 0 THEN IMPORTE= PARM2; DATO= PARM1; RETURNûûIF @USERNAME = ""MANAGER_NOM"" THEN debugûûBASE= SUM(REG_MOVTO<AN_EMP_MOVTOS.IMP_P%>) / 100ûBASE-= DIPM(""@IMS"",""IM"")ûBASE-= DIPM(""@ISP"",""IM"")ûBASE-= DIPM(""@SEP"",""IM"")ûBASE-= DIPM(""FAHC"",""IM"")ûBASE-= DIPM(""VALX"",""IM"")ûûûFINIPER_EXT= FECHA(FINIPER,2,""AAAAMMDD"")ûCALL TABLAS_IMSS(""@IMS"", ZONA_ECO, FINIPER_EXT, PORCENTAJE, IMP_TOPE, IMP_TOPE_EXE, FALTAS,INCAPACIDADES, STATUS)ûFOR CONT1= 1 TO COUNT(FALTAS, @VM) + 1û BASE-= DIPM(FALTAS<1,CONT1>, ""IM"")ûNEXT CONT1ûFOR CONT1= 1 TO COUNT(INCAPACIDADES, @VM) + 1û BASE-= DIPM(INCAPACIDADES<1,CONT1>, ""IM"")ûNEXT CONT1ûûIMPORTE = BASE * PARM1 / 100ûDATO = PARM1",,,1,1,0,1,,,,,
@,TUBT,TURNOS M,X,NI,0,,0,0,0,600,N,,,O,0,0,0,0,O,0,0,0,0,O,,,0,0,"if tipo_nom=""NE"" THEN RETURNûûûImporte = DIPC(""BOTR"",""P1"")",,,1,0,0,1,,TUBT,,,
@,VACM,VACACIONES M,P,GN,1,,0,0,0,400,N,,,O,0,0,1,0,O,0,0,1,0,O,,,0,0,Importe = PARM1,,,0,1,0,1,,VACM,,,
@,RUTI,REPARTO DE UTILIDADES 2021,P,EE,1,,15,1,0,20,N,,,O,0,0,1,0,O,0,0,1,0,O,,,0,0,*DEBUGûImporte = PARM1,,,1,1,1,1,,,,,
@,SDPI,SALDO DESCUENTO CRÉDITO INFONAVIT,E,NI,0,,0,0,0,999,N,,,O,0,0,1,0,O,0,0,1,0,O,,,0,0,"IMPORTE = 0ûMONTO = PARM1ûDESCTO = DIPM(""DPIE"",""IM"") + DIPM(""DPIS"",""IM"") + DIPM(""DPIF"",""IM"") + DIPM(""SDIN"",""IM"") + DIPM(""SEGV"",""IM"")ûDIFERENCIA = PARM1  - DESCTOûIF DIFERENCIA > 0 THENû    IMPORTE = DIFERENCIAûENDû",,,1,1,0,1,,,,,
@,DSPI,Ddescuento Saldo Crédito Infonavit ,D,NI,0,,0,0,1,650,N,,,O,0,0,1,0,O,0,0,1,0,O,,,0,0,"Importe = PARM1ûDato = PARM2-PARM1ûû/*ûDESCTOS.FIJOS = DIPM(""@ISP"",""IM"") + DIPM(""@IMS"",""IM"") + DIPM(""DPIE"",""IM"") + DIPM(""DPIF"",""IM"") + DIPM(""DPIS"",""IM"")ûINGRESO = DIPM(""PNOR"",""IM"")ûTOPE = ( INGRESO - DESCTOS.FIJOS ) * 0.30ûûIF PARM1 > TOPE THENû    PARM1 = TOPEûEND ûIMPORTE = PARM1ûDATO = PARM2 - PARM1ûû*/",,,1,1,0,1,,,,,
